"idLeitura";"fkComponente";"fkMetrica";"fkMaquina";"fkEmpresa";"dataColeta";"valorLeitura"
1;1;1;1;1;"2022-10-14 14:11:53";10.5
2;1;3;1;1;"2022-10-14 14:11:54";941.1
3;1;4;1;1;"2022-10-14 14:11:54";34.0
4;2;7;1;1;"2022-10-14 14:11:54";2.0
5;3;9;1;1;"2022-10-14 14:11:54";73.0
6;3;10;1;1;"2022-10-14 14:11:54";51.0
7;3;11;1;1;"2022-10-14 14:11:54";78.0
8;1;2;1;1;"2022-10-14 14:21:43";2300.0
9;1;5;1;1;"2022-10-14 14:21:43";400.0
10;2;6;1;1;"2022-10-14 14:21:43";4.0
11;3;8;1;1;"2022-10-14 14:21:43";915.0
12;1;1;1;1;"2022-10-14 14:19:10";6.1
13;1;3;1;1;"2022-10-14 14:19:10";852.04
14;1;4;1;1;"2022-10-14 14:19:11";36.0
15;2;7;1;1;"2022-10-14 14:19:11";2.0
16;3;9;1;1;"2022-10-14 14:19:11";74.0
17;3;10;1;1;"2022-10-14 14:19:11";52.0
18;3;11;1;1;"2022-10-14 14:19:11";78.0
19;1;1;1;1;"2022-10-14 14:19:16";15.4
20;1;3;1;1;"2022-10-14 14:19:16";918.48
21;1;4;1;1;"2022-10-14 14:19:16";36.0
22;2;7;1;1;"2022-10-14 14:19:17";2.0
23;3;9;1;1;"2022-10-14 14:19:17";74.0
24;1;1;1;1;"2022-10-14 14:19:53";5.6
25;1;3;1;1;"2022-10-14 14:19:54";772.66
26;1;4;1;1;"2022-10-14 14:19:54";35.0
27;2;7;1;1;"2022-10-14 14:19:54";2.0
28;3;9;1;1;"2022-10-14 14:19:54";74.0
29;3;10;1;1;"2022-10-14 14:19:54";52.0
30;3;11;1;1;"2022-10-14 14:19:55";78.0
31;1;1;1;1;"2022-10-14 14:19:58";10.2
32;1;3;1;1;"2022-10-14 14:19:58";699.71
33;1;4;1;1;"2022-10-14 14:19:58";36.0
34;2;7;1;1;"2022-10-14 14:19:58";2.0
35;3;9;1;1;"2022-10-14 14:19:59";74.0
36;3;10;1;1;"2022-10-14 14:19:59";52.0
37;3;11;1;1;"2022-10-14 14:19:59";78.0
38;1;1;1;1;"2022-10-14 14:20:02";16.3
39;1;3;1;1;"2022-10-14 14:20:02";795.19
40;1;4;1;1;"2022-10-14 14:20:03";37.0
41;2;7;1;1;"2022-10-14 14:20:03";2.0
42;3;9;1;1;"2022-10-14 14:20:03";74.0
43;3;10;1;1;"2022-10-14 14:20:03";52.0
44;3;11;1;1;"2022-10-14 14:20:03";78.0
45;1;1;1;1;"2022-10-14 14:20:07";16.2
46;1;3;1;1;"2022-10-14 14:20:07";747.64
47;1;4;1;1;"2022-10-14 14:20:07";36.0
48;2;7;1;1;"2022-10-14 14:20:07";2.0
49;3;9;1;1;"2022-10-14 14:20:07";74.0
50;3;10;1;1;"2022-10-14 14:20:07";52.0
51;3;11;1;1;"2022-10-14 14:20:07";78.0
52;1;1;1;1;"2022-10-14 14:20:11";2.8
53;1;3;1;1;"2022-10-14 14:20:11";1269.55
54;1;4;1;1;"2022-10-14 14:20:11";37.0
55;2;7;1;1;"2022-10-14 14:20:11";2.0
56;3;9;1;1;"2022-10-14 14:20:12";74.0
57;3;10;1;1;"2022-10-14 14:20:12";52.0
58;3;11;1;1;"2022-10-14 14:20:12";78.0
59;1;1;1;1;"2022-10-14 14:20:15";2.1
60;1;3;1;1;"2022-10-14 14:20:15";889.83
61;1;4;1;1;"2022-10-14 14:20:16";36.0
62;2;7;1;1;"2022-10-14 14:20:16";2.0
63;3;9;1;1;"2022-10-14 14:20:16";74.0
64;3;10;1;1;"2022-10-14 14:20:16";52.0
65;3;11;1;1;"2022-10-14 14:20:16";78.0
66;1;1;1;1;"2022-10-14 14:20:19";2.4
67;1;3;1;1;"2022-10-14 14:20:20";922.7
68;1;4;1;1;"2022-10-14 14:20:20";36.0
69;2;7;1;1;"2022-10-14 14:20:20";2.0
70;3;9;1;1;"2022-10-14 14:20:20";74.0
71;3;10;1;1;"2022-10-14 14:20:20";53.0
72;3;11;1;1;"2022-10-14 14:20:20";78.0
73;1;1;1;1;"2022-10-14 14:20:24";1.8
74;1;3;1;1;"2022-10-14 14:20:24";1091.94
75;1;4;1;1;"2022-10-14 14:20:24";37.0
76;2;7;1;1;"2022-10-14 14:20:24";2.0
77;3;9;1;1;"2022-10-14 14:20:24";74.0
78;3;10;1;1;"2022-10-14 14:20:24";53.0
79;3;11;1;1;"2022-10-14 14:20:24";78.0
80;1;1;1;1;"2022-10-14 14:20:28";2.2
81;1;3;1;1;"2022-10-14 14:20:28";926.32
82;1;4;1;1;"2022-10-14 14:20:28";35.0
83;2;7;1;1;"2022-10-14 14:20:28";2.0
84;3;9;1;1;"2022-10-14 14:20:28";74.0
85;3;10;1;1;"2022-10-14 14:20:28";53.0
86;3;11;1;1;"2022-10-14 14:20:28";78.0
87;1;1;1;1;"2022-10-14 14:20:31";1.7
88;1;3;1;1;"2022-10-14 14:20:32";1656.97
89;1;4;1;1;"2022-10-14 14:20:32";36.0
90;2;7;1;1;"2022-10-14 14:20:32";2.0
91;3;9;1;1;"2022-10-14 14:20:32";74.0
92;3;10;1;1;"2022-10-14 14:20:32";53.0
93;3;11;1;1;"2022-10-14 14:20:32";78.0
94;1;1;1;1;"2022-10-14 14:20:36";1.7
95;1;3;1;1;"2022-10-14 14:20:36";1565.08
96;1;4;1;1;"2022-10-14 14:20:36";37.0
97;2;7;1;1;"2022-10-14 14:20:36";2.0
98;3;9;1;1;"2022-10-14 14:20:37";74.0
99;3;10;1;1;"2022-10-14 14:20:37";53.0
100;3;11;1;1;"2022-10-14 14:20:37";78.0
101;1;1;1;1;"2022-10-14 14:20:40";3.0
102;1;3;1;1;"2022-10-14 14:20:41";1359.94
103;1;4;1;1;"2022-10-14 14:20:41";37.0
104;2;7;1;1;"2022-10-14 14:20:41";2.0
105;3;9;1;1;"2022-10-14 14:20:41";74.0
106;3;10;1;1;"2022-10-14 14:20:41";53.0
107;3;11;1;1;"2022-10-14 14:20:42";78.0
108;1;1;1;1;"2022-10-14 14:20:45";14.8
109;1;3;1;1;"2022-10-14 14:20:45";692.73
110;1;4;1;1;"2022-10-14 14:20:45";36.0
111;2;7;1;1;"2022-10-14 14:20:45";2.0
112;3;9;1;1;"2022-10-14 14:20:46";74.0
113;3;10;1;1;"2022-10-14 14:20:46";53.0
114;3;11;1;1;"2022-10-14 14:20:46";78.0
115;1;1;1;1;"2022-10-14 14:20:49";9.7
116;1;3;1;1;"2022-10-14 14:20:50";718.35
117;1;4;1;1;"2022-10-14 14:20:50";35.0
118;2;7;1;1;"2022-10-14 14:20:50";2.0
119;3;9;1;1;"2022-10-14 14:20:50";74.0
120;3;10;1;1;"2022-10-14 14:20:50";53.0
121;3;11;1;1;"2022-10-14 14:20:50";78.0
122;1;1;1;1;"2022-10-14 14:20:54";25.3
123;1;3;1;1;"2022-10-14 14:20:54";2278.82
124;1;4;1;1;"2022-10-14 14:20:54";40.0
125;2;7;1;1;"2022-10-14 14:20:54";2.0
126;3;9;1;1;"2022-10-14 14:20:54";74.0
127;3;10;1;1;"2022-10-14 14:20:54";53.0
128;3;11;1;1;"2022-10-14 14:20:55";78.0
129;1;1;1;1;"2022-10-14 14:20:58";12.8
130;1;3;1;1;"2022-10-14 14:20:58";1243.16
131;1;4;1;1;"2022-10-14 14:20:59";37.0
132;2;7;1;1;"2022-10-14 14:20:59";2.0
133;3;9;1;1;"2022-10-14 14:20:59";74.0
134;3;10;1;1;"2022-10-14 14:20:59";53.0
135;3;11;1;1;"2022-10-14 14:20:59";78.0
136;1;1;1;1;"2022-10-14 14:21:03";10.0
137;1;3;1;1;"2022-10-14 14:21:03";645.87
138;1;4;1;1;"2022-10-14 14:21:03";36.0
139;2;7;1;1;"2022-10-14 14:21:03";2.0
140;3;9;1;1;"2022-10-14 14:21:03";74.0
141;3;10;1;1;"2022-10-14 14:21:03";53.0
142;3;11;1;1;"2022-10-14 14:21:04";78.0
143;1;1;1;1;"2022-10-14 14:21:07";23.3
144;1;3;1;1;"2022-10-14 14:21:07";602.5
145;1;4;1;1;"2022-10-14 14:21:08";36.0
146;2;7;1;1;"2022-10-14 14:21:08";2.0
147;3;9;1;1;"2022-10-14 14:21:08";74.0
148;3;10;1;1;"2022-10-14 14:21:08";53.0
149;3;11;1;1;"2022-10-14 14:21:08";78.0
150;1;1;1;1;"2022-10-14 14:21:12";6.7
151;1;3;1;1;"2022-10-14 14:21:12";753.53
152;1;4;1;1;"2022-10-14 14:21:12";36.0
153;2;7;1;1;"2022-10-14 14:21:12";2.0
154;3;9;1;1;"2022-10-14 14:21:12";74.0
155;3;10;1;1;"2022-10-14 14:21:12";53.0
156;3;11;1;1;"2022-10-14 14:21:13";78.0
157;1;1;1;1;"2022-10-14 14:21:16";32.2
158;1;3;1;1;"2022-10-14 14:21:16";698.84
159;1;4;1;1;"2022-10-14 14:21:16";37.0
160;2;7;1;1;"2022-10-14 14:21:17";2.0
161;3;9;1;1;"2022-10-14 14:21:17";74.0
162;3;10;1;1;"2022-10-14 14:21:17";54.0
163;3;11;1;1;"2022-10-14 14:21:17";78.0
164;1;1;1;1;"2022-10-14 14:21:21";34.0
165;1;3;1;1;"2022-10-14 14:21:21";700.0
166;1;4;1;1;"2022-10-14 14:21:21";38.0
167;2;7;1;1;"2022-10-14 14:21:22";2.0
168;3;9;1;1;"2022-10-14 14:21:22";74.0
169;3;10;1;1;"2022-10-14 14:21:22";54.0
170;3;11;1;1;"2022-10-14 14:21:22";78.0
171;1;1;1;1;"2022-10-14 14:21:26";62.5
172;1;3;1;1;"2022-10-14 14:21:26";1549.22
173;1;4;1;1;"2022-10-14 14:21:27";41.0
174;2;7;1;1;"2022-10-14 14:21:27";2.0
175;3;9;1;1;"2022-10-14 14:21:27";74.0
176;3;10;1;1;"2022-10-14 14:21:27";54.0
177;3;11;1;1;"2022-10-14 14:21:27";78.0
178;1;1;1;1;"2022-10-14 14:21:31";66.5
179;1;3;1;1;"2022-10-14 14:21:31";1494.36
180;1;4;1;1;"2022-10-14 14:21:31";42.0
181;2;7;1;1;"2022-10-14 14:21:31";2.0
182;3;9;1;1;"2022-10-14 14:21:31";74.0
183;3;10;1;1;"2022-10-14 14:21:32";54.0
184;3;11;1;1;"2022-10-14 14:21:32";78.0
185;1;1;1;1;"2022-10-14 14:21:43";43.4
186;1;3;1;1;"2022-10-14 14:21:43";698.46
187;1;4;1;1;"2022-10-14 14:21:44";39.0
188;2;7;1;1;"2022-10-14 14:21:44";2.0
189;3;9;1;1;"2022-10-14 14:21:44";74.0
190;3;10;1;1;"2022-10-14 14:21:44";54.0
191;3;11;1;1;"2022-10-14 14:21:44";78.0
192;1;1;1;1;"2022-10-14 14:21:48";22.1
193;1;3;1;1;"2022-10-14 14:21:48";685.12
194;1;4;1;1;"2022-10-14 14:21:48";39.0
195;2;7;1;1;"2022-10-14 14:21:48";2.0
196;3;9;1;1;"2022-10-14 14:21:48";74.0
197;3;10;1;1;"2022-10-14 14:21:48";54.0
198;3;11;1;1;"2022-10-14 14:21:48";78.0
199;1;1;1;1;"2022-10-14 14:21:52";41.2
200;1;3;1;1;"2022-10-14 14:21:52";2300.0
201;1;4;1;1;"2022-10-14 14:21:52";47.0
202;2;7;1;1;"2022-10-14 14:21:52";2.0
203;3;9;1;1;"2022-10-14 14:21:53";74.0
204;3;10;1;1;"2022-10-14 14:21:53";54.0
205;3;11;1;1;"2022-10-14 14:21:53";78.0
206;1;1;1;1;"2022-10-14 14:21:56";45.2
207;1;3;1;1;"2022-10-14 14:21:56";1095.6
208;1;4;1;1;"2022-10-14 14:21:56";41.0
209;2;7;1;1;"2022-10-14 14:21:57";2.0
210;3;9;1;1;"2022-10-14 14:21:57";74.0
211;3;10;1;1;"2022-10-14 14:21:57";54.0
212;3;11;1;1;"2022-10-14 14:21:57";78.0
213;1;1;1;1;"2022-10-14 14:22:00";9.8
214;1;3;1;1;"2022-10-14 14:22:01";958.83
215;1;4;1;1;"2022-10-14 14:22:01";40.0
216;2;7;1;1;"2022-10-14 14:22:01";2.0
217;3;9;1;1;"2022-10-14 14:22:01";74.0
218;3;10;1;1;"2022-10-14 14:22:01";54.0
219;3;11;1;1;"2022-10-14 14:22:01";78.0
220;1;1;1;1;"2022-10-14 14:22:05";17.2
221;1;3;1;1;"2022-10-14 14:22:05";810.62
222;1;4;1;1;"2022-10-14 14:22:05";40.0
223;2;7;1;1;"2022-10-14 14:22:05";2.0
224;3;9;1;1;"2022-10-14 14:22:05";74.0
225;3;10;1;1;"2022-10-14 14:22:05";54.0
226;3;11;1;1;"2022-10-14 14:22:05";78.0
227;1;1;1;1;"2022-10-14 14:22:09";11.4
228;1;3;1;1;"2022-10-14 14:22:09";1930.64
229;1;4;1;1;"2022-10-14 14:22:09";40.0
230;2;7;1;1;"2022-10-14 14:22:09";2.0
231;3;9;1;1;"2022-10-14 14:22:09";74.0
232;3;10;1;1;"2022-10-14 14:22:09";54.0
233;3;11;1;1;"2022-10-14 14:22:09";78.0
234;1;1;1;1;"2022-10-14 14:22:13";27.1
235;1;3;1;1;"2022-10-14 14:22:13";1028.42
236;1;4;1;1;"2022-10-14 14:22:13";40.0
237;2;7;1;1;"2022-10-14 14:22:13";2.0
238;3;9;1;1;"2022-10-14 14:22:14";74.0
239;3;10;1;1;"2022-10-14 14:22:14";54.0
240;3;11;1;1;"2022-10-14 14:22:14";78.0
241;1;1;1;1;"2022-10-14 14:22:18";29.1
242;1;3;1;1;"2022-10-14 14:22:18";600.0
243;1;4;1;1;"2022-10-14 14:22:18";40.0
244;2;7;1;1;"2022-10-14 14:22:18";2.0
245;3;9;1;1;"2022-10-14 14:22:18";75.0
246;3;10;1;1;"2022-10-14 14:22:18";55.0
247;3;11;1;1;"2022-10-14 14:22:19";78.0
248;1;1;1;1;"2022-10-14 14:22:22";46.0
249;1;3;1;1;"2022-10-14 14:22:22";2300.0
250;1;4;1;1;"2022-10-14 14:22:22";46.0
251;2;7;1;1;"2022-10-14 14:22:22";2.0
252;3;9;1;1;"2022-10-14 14:22:23";75.0
253;3;10;1;1;"2022-10-14 14:22:23";55.0
254;3;11;1;1;"2022-10-14 14:22:23";78.0
255;1;1;1;1;"2022-10-14 14:22:26";45.2
256;1;3;1;1;"2022-10-14 14:22:27";700.0
257;1;4;1;1;"2022-10-14 14:22:27";41.0
258;2;7;1;1;"2022-10-14 14:22:27";2.0
259;3;9;1;1;"2022-10-14 14:22:27";75.0
260;3;10;1;1;"2022-10-14 14:22:27";55.0
261;3;11;1;1;"2022-10-14 14:22:28";78.0
262;1;1;1;1;"2022-10-14 14:22:31";26.5
263;1;3;1;1;"2022-10-14 14:22:31";827.65
264;1;4;1;1;"2022-10-14 14:22:31";41.0
265;2;7;1;1;"2022-10-14 14:22:31";2.0
266;3;9;1;1;"2022-10-14 14:22:31";75.0
267;3;10;1;1;"2022-10-14 14:22:32";55.0
268;3;11;1;1;"2022-10-14 14:22:32";78.0
269;1;1;1;1;"2022-10-14 14:22:35";35.1
270;1;3;1;1;"2022-10-14 14:22:36";1079.94
271;1;4;1;1;"2022-10-14 14:22:36";41.0
272;2;7;1;1;"2022-10-14 14:22:36";3.0
273;3;9;1;1;"2022-10-14 14:22:36";75.0
274;3;10;1;1;"2022-10-14 14:22:36";55.0
275;3;11;1;1;"2022-10-14 14:22:36";78.0
276;1;1;1;1;"2022-10-14 14:22:40";2.2
277;1;3;1;1;"2022-10-14 14:22:40";948.68
278;1;4;1;1;"2022-10-14 14:22:40";40.0
279;2;7;1;1;"2022-10-14 14:22:40";3.0
280;3;9;1;1;"2022-10-14 14:22:40";75.0
281;3;10;1;1;"2022-10-14 14:22:40";55.0
282;3;11;1;1;"2022-10-14 14:22:40";78.0
283;1;1;1;1;"2022-10-14 14:22:44";1.9
284;1;3;1;1;"2022-10-14 14:22:44";1828.94
285;1;4;1;1;"2022-10-14 14:22:44";42.0
286;2;7;1;1;"2022-10-14 14:22:44";3.0
287;3;9;1;1;"2022-10-14 14:22:44";75.0
288;3;10;1;1;"2022-10-14 14:22:44";55.0
289;3;11;1;1;"2022-10-14 14:22:44";78.0
290;1;1;1;1;"2022-10-14 14:22:48";2.0
291;1;3;1;1;"2022-10-14 14:22:48";946.64
292;1;4;1;1;"2022-10-14 14:22:48";40.0
293;2;7;1;1;"2022-10-14 14:22:48";3.0
294;3;9;1;1;"2022-10-14 14:22:48";75.0
295;3;10;1;1;"2022-10-14 14:22:49";55.0
296;3;11;1;1;"2022-10-14 14:22:49";78.0
297;1;1;1;1;"2022-10-14 14:22:52";1.9
298;1;3;1;1;"2022-10-14 14:22:52";884.54
299;1;4;1;1;"2022-10-14 14:22:53";39.0
300;2;7;1;1;"2022-10-14 14:22:53";3.0
301;3;9;1;1;"2022-10-14 14:22:53";75.0
302;3;10;1;1;"2022-10-14 14:22:53";55.0
303;3;11;1;1;"2022-10-14 14:22:53";78.0
304;1;1;1;1;"2022-10-14 14:22:57";4.6
305;1;3;1;1;"2022-10-14 14:22:57";855.15
306;1;4;1;1;"2022-10-14 14:22:57";39.0
307;2;7;1;1;"2022-10-14 14:22:57";3.0
308;3;9;1;1;"2022-10-14 14:22:57";75.0
309;3;10;1;1;"2022-10-14 14:22:57";55.0
310;3;11;1;1;"2022-10-14 14:22:57";78.0
311;1;1;1;1;"2022-10-14 14:23:01";2.2
312;1;3;1;1;"2022-10-14 14:23:01";1869.46
313;1;4;1;1;"2022-10-14 14:23:01";41.0
314;2;7;1;1;"2022-10-14 14:23:01";2.0
315;3;9;1;1;"2022-10-14 14:23:01";75.0
316;3;10;1;1;"2022-10-14 14:23:01";55.0
317;3;11;1;1;"2022-10-14 14:23:02";78.0
318;1;1;1;1;"2022-10-14 14:23:05";1.6
319;1;3;1;1;"2022-10-14 14:23:05";956.64
320;1;4;1;1;"2022-10-14 14:23:05";39.0
321;2;7;1;1;"2022-10-14 14:23:05";2.0
322;3;9;1;1;"2022-10-14 14:23:06";75.0
323;3;10;1;1;"2022-10-14 14:23:06";55.0
324;3;11;1;1;"2022-10-14 14:23:06";78.0
325;1;1;1;1;"2022-10-14 14:23:09";5.4
326;1;3;1;1;"2022-10-14 14:23:10";897.32
327;1;4;1;1;"2022-10-14 14:23:10";39.0
328;2;7;1;1;"2022-10-14 14:23:10";2.0
329;3;9;1;1;"2022-10-14 14:23:10";75.0
330;3;10;1;1;"2022-10-14 14:23:10";55.0
331;3;11;1;1;"2022-10-14 14:23:10";78.0
332;1;1;1;1;"2022-10-14 14:23:13";2.2
333;1;3;1;1;"2022-10-14 14:23:14";944.27
334;1;4;1;1;"2022-10-14 14:23:14";39.0
335;2;7;1;1;"2022-10-14 14:23:14";2.0
336;3;9;1;1;"2022-10-14 14:23:14";75.0
337;3;10;1;1;"2022-10-14 14:23:14";55.0
338;3;11;1;1;"2022-10-14 14:23:14";78.0
339;1;1;1;1;"2022-10-14 14:23:18";1.5
340;1;3;1;1;"2022-10-14 14:23:18";896.15
341;1;4;1;1;"2022-10-14 14:23:18";39.0
342;2;7;1;1;"2022-10-14 14:23:18";2.0
343;3;9;1;1;"2022-10-14 14:23:18";75.0
344;3;10;1;1;"2022-10-14 14:23:18";56.0
345;3;11;1;1;"2022-10-14 14:23:18";78.0
346;1;1;1;1;"2022-10-14 14:23:22";2.2
347;1;3;1;1;"2022-10-14 14:23:22";929.31
348;1;4;1;1;"2022-10-14 14:23:22";39.0
349;2;7;1;1;"2022-10-14 14:23:22";2.0
350;3;9;1;1;"2022-10-14 14:23:22";75.0
351;3;10;1;1;"2022-10-14 14:23:22";56.0
352;3;11;1;1;"2022-10-14 14:23:23";78.0
353;1;1;1;1;"2022-10-14 14:23:26";2.3
354;1;3;1;1;"2022-10-14 14:23:26";937.5
355;1;4;1;1;"2022-10-14 14:23:26";39.0
356;2;7;1;1;"2022-10-14 14:23:26";2.0
357;3;9;1;1;"2022-10-14 14:23:26";75.0
358;3;10;1;1;"2022-10-14 14:23:27";56.0
359;3;11;1;1;"2022-10-14 14:23:27";78.0
360;1;1;1;1;"2022-10-14 14:23:30";2.2
361;1;3;1;1;"2022-10-14 14:23:31";1452.53
362;1;4;1;1;"2022-10-14 14:23:31";40.0
363;2;7;1;1;"2022-10-14 14:23:31";2.0
364;3;9;1;1;"2022-10-14 14:23:31";75.0
365;3;10;1;1;"2022-10-14 14:23:31";56.0
366;3;11;1;1;"2022-10-14 14:23:31";78.0
367;1;1;1;1;"2022-10-14 14:23:35";1.7
368;1;3;1;1;"2022-10-14 14:23:35";895.14
369;1;4;1;1;"2022-10-14 14:23:35";38.0
370;2;7;1;1;"2022-10-14 14:23:35";2.0
371;3;9;1;1;"2022-10-14 14:23:35";75.0
372;3;10;1;1;"2022-10-14 14:23:35";56.0
373;3;11;1;1;"2022-10-14 14:23:35";78.0
374;1;1;1;1;"2022-10-14 14:23:39";1.7
375;1;3;1;1;"2022-10-14 14:23:39";1232.64
376;1;4;1;1;"2022-10-14 14:23:39";39.0
377;2;7;1;1;"2022-10-14 14:23:39";2.0
378;3;9;1;1;"2022-10-14 14:23:39";75.0
379;3;10;1;1;"2022-10-14 14:23:39";56.0
380;3;11;1;1;"2022-10-14 14:23:39";78.0
381;1;1;1;1;"2022-10-14 14:23:43";1.9
382;1;3;1;1;"2022-10-14 14:23:43";1521.65
383;1;4;1;1;"2022-10-14 14:23:43";40.0
384;2;7;1;1;"2022-10-14 14:23:43";2.0
385;3;9;1;1;"2022-10-14 14:23:43";75.0
386;3;10;1;1;"2022-10-14 14:23:43";56.0
387;3;11;1;1;"2022-10-14 14:23:43";78.0
388;1;1;1;1;"2022-10-14 14:23:47";3.2
389;1;3;1;1;"2022-10-14 14:23:47";1285.57
390;1;4;1;1;"2022-10-14 14:23:47";39.0
391;2;7;1;1;"2022-10-14 14:23:47";2.0
392;3;9;1;1;"2022-10-14 14:23:47";75.0
393;3;10;1;1;"2022-10-14 14:23:47";56.0
394;3;11;1;1;"2022-10-14 14:23:47";78.0
395;1;1;1;1;"2022-10-14 14:23:51";1.7
396;1;3;1;1;"2022-10-14 14:23:51";978.95
397;1;4;1;1;"2022-10-14 14:23:51";38.0
398;2;7;1;1;"2022-10-14 14:23:51";2.0
399;3;9;1;1;"2022-10-14 14:23:51";75.0
400;3;10;1;1;"2022-10-14 14:23:51";56.0
401;3;11;1;1;"2022-10-14 14:23:51";78.0
402;1;1;1;1;"2022-10-14 14:23:55";1.8
403;1;3;1;1;"2022-10-14 14:23:55";940.26
404;1;4;1;1;"2022-10-14 14:23:55";37.0
405;2;7;1;1;"2022-10-14 14:23:55";2.0
406;3;9;1;1;"2022-10-14 14:23:55";75.0
407;3;10;1;1;"2022-10-14 14:23:56";56.0
408;3;11;1;1;"2022-10-14 14:23:56";78.0
409;1;1;1;1;"2022-10-14 14:23:59";1.5
410;1;3;1;1;"2022-10-14 14:23:59";965.98
411;1;4;1;1;"2022-10-14 14:23:59";37.0
412;2;7;1;1;"2022-10-14 14:24:00";2.0
413;3;9;1;1;"2022-10-14 14:24:00";75.0
414;3;10;1;1;"2022-10-14 14:24:00";56.0
415;3;11;1;1;"2022-10-14 14:24:00";78.0
416;1;1;1;1;"2022-10-14 14:24:03";2.0
417;1;3;1;1;"2022-10-14 14:24:04";930.15
418;1;4;1;1;"2022-10-14 14:24:04";37.0
419;2;7;1;1;"2022-10-14 14:24:04";2.0
420;3;9;1;1;"2022-10-14 14:24:04";75.0
421;3;10;1;1;"2022-10-14 14:24:04";56.0
422;3;11;1;1;"2022-10-14 14:24:04";78.0
423;1;1;1;1;"2022-10-14 14:24:07";2.0
424;1;3;1;1;"2022-10-14 14:24:08";894.39
425;1;4;1;1;"2022-10-14 14:24:08";37.0
426;2;7;1;1;"2022-10-14 14:24:08";2.0
427;3;9;1;1;"2022-10-14 14:24:08";75.0
428;3;10;1;1;"2022-10-14 14:24:08";56.0
429;3;11;1;1;"2022-10-14 14:24:08";78.0
430;1;1;1;1;"2022-10-14 14:24:11";1.8
431;1;3;1;1;"2022-10-14 14:24:12";864.84
432;1;4;1;1;"2022-10-14 14:24:12";37.0
433;2;7;1;1;"2022-10-14 14:24:12";2.0
434;3;9;1;1;"2022-10-14 14:24:12";75.0
435;3;10;1;1;"2022-10-14 14:24:12";56.0
436;3;11;1;1;"2022-10-14 14:24:12";78.0
437;1;1;1;1;"2022-10-14 14:24:16";1.5
438;1;3;1;1;"2022-10-14 14:24:16";937.3
439;1;4;1;1;"2022-10-14 14:24:16";37.0
440;2;7;1;1;"2022-10-14 14:24:16";2.0
441;3;9;1;1;"2022-10-14 14:24:16";75.0
442;3;10;1;1;"2022-10-14 14:24:16";56.0
443;3;11;1;1;"2022-10-14 14:24:17";78.0
444;1;1;1;1;"2022-10-14 14:24:20";2.1
445;1;3;1;1;"2022-10-14 14:24:20";851.05
446;1;4;1;1;"2022-10-14 14:24:20";37.0
447;2;7;1;1;"2022-10-14 14:24:20";2.0
448;3;9;1;1;"2022-10-14 14:24:21";75.0
449;3;10;1;1;"2022-10-14 14:24:21";56.0
450;3;11;1;1;"2022-10-14 14:24:21";78.0
451;1;1;1;1;"2022-10-14 14:24:24";1.9
452;1;3;1;1;"2022-10-14 14:24:25";839.57
453;1;4;1;1;"2022-10-14 14:24:25";37.0
454;2;7;1;1;"2022-10-14 14:24:25";2.0
455;3;9;1;1;"2022-10-14 14:24:25";75.0
456;3;10;1;1;"2022-10-14 14:24:26";57.0
457;3;11;1;1;"2022-10-14 14:24:26";78.0
458;1;1;1;1;"2022-10-14 14:24:29";2.4
459;1;3;1;1;"2022-10-14 14:24:29";908.7
460;1;4;1;1;"2022-10-14 14:24:30";37.0
461;2;7;1;1;"2022-10-14 14:24:30";2.0
462;3;9;1;1;"2022-10-14 14:24:30";75.0
463;3;10;1;1;"2022-10-14 14:24:30";57.0
464;3;11;1;1;"2022-10-14 14:24:30";78.0
465;1;1;1;1;"2022-10-14 14:24:34";1.6
466;1;3;1;1;"2022-10-14 14:24:34";854.41
467;1;4;1;1;"2022-10-14 14:24:34";37.0
468;2;7;1;1;"2022-10-14 14:24:34";2.0
469;3;9;1;1;"2022-10-14 14:24:34";75.0
470;3;10;1;1;"2022-10-14 14:24:34";57.0
471;3;11;1;1;"2022-10-14 14:24:34";78.0
472;1;1;1;1;"2022-10-14 14:24:38";1.7
473;1;3;1;1;"2022-10-14 14:24:38";956.58
474;1;4;1;1;"2022-10-14 14:24:38";37.0
475;2;7;1;1;"2022-10-14 14:24:38";2.0
476;3;9;1;1;"2022-10-14 14:24:38";75.0
477;3;10;1;1;"2022-10-14 14:24:38";57.0
478;3;11;1;1;"2022-10-14 14:24:39";78.0
479;1;1;1;1;"2022-10-14 14:24:42";1.5
480;1;3;1;1;"2022-10-14 14:24:42";1624.57
481;1;4;1;1;"2022-10-14 14:24:42";39.0
482;2;7;1;1;"2022-10-14 14:24:42";2.0
483;3;9;1;1;"2022-10-14 14:24:43";75.0
484;3;10;1;1;"2022-10-14 14:24:43";57.0
485;3;11;1;1;"2022-10-14 14:24:43";78.0
486;1;1;1;1;"2022-10-14 14:24:46";1.4
487;1;3;1;1;"2022-10-14 14:24:46";1754.17
488;1;4;1;1;"2022-10-14 14:24:47";39.0
489;2;7;1;1;"2022-10-14 14:24:47";2.0
490;3;9;1;1;"2022-10-14 14:24:47";75.0
491;3;10;1;1;"2022-10-14 14:24:47";57.0
492;3;11;1;1;"2022-10-14 14:24:47";78.0
493;1;1;1;1;"2022-10-14 14:24:51";1.8
494;1;3;1;1;"2022-10-14 14:24:51";934.68
495;1;4;1;1;"2022-10-14 14:24:51";37.0
496;2;7;1;1;"2022-10-14 14:24:51";2.0
497;3;9;1;1;"2022-10-14 14:24:51";75.0
498;3;10;1;1;"2022-10-14 14:24:51";57.0
499;3;11;1;1;"2022-10-14 14:24:52";78.0
500;1;1;1;1;"2022-10-14 14:24:55";1.8
501;1;3;1;1;"2022-10-14 14:24:55";945.46
502;1;4;1;1;"2022-10-14 14:24:55";37.0
503;2;7;1;1;"2022-10-14 14:24:56";2.0
504;3;9;1;1;"2022-10-14 14:24:56";75.0
505;3;10;1;1;"2022-10-14 14:24:56";57.0
506;3;11;1;1;"2022-10-14 14:24:56";78.0
507;1;1;1;1;"2022-10-14 14:24:59";1.8
508;1;3;1;1;"2022-10-14 14:25:00";918.75
509;1;4;1;1;"2022-10-14 14:25:00";37.0
510;2;7;1;1;"2022-10-14 14:25:00";2.0
511;3;9;1;1;"2022-10-14 14:25:00";75.0
512;3;10;1;1;"2022-10-14 14:25:00";57.0
513;3;11;1;1;"2022-10-14 14:25:00";78.0
514;1;1;1;1;"2022-10-14 14:25:04";1.8
515;1;3;1;1;"2022-10-14 14:25:04";935.69
516;1;4;1;1;"2022-10-14 14:25:04";37.0
517;2;7;1;1;"2022-10-14 14:25:04";2.0
518;3;9;1;1;"2022-10-14 14:25:04";75.0
519;3;10;1;1;"2022-10-14 14:25:04";57.0
520;3;11;1;1;"2022-10-14 14:25:04";78.0
521;1;1;1;1;"2022-10-14 14:25:08";1.4
522;1;3;1;1;"2022-10-14 14:25:08";906.72
523;1;4;1;1;"2022-10-14 14:25:08";37.0
524;2;7;1;1;"2022-10-14 14:25:08";2.0
525;3;9;1;1;"2022-10-14 14:25:08";75.0
526;3;10;1;1;"2022-10-14 14:25:08";57.0
527;3;11;1;1;"2022-10-14 14:25:08";78.0
528;1;1;1;1;"2022-10-14 14:25:12";1.8
529;1;3;1;1;"2022-10-14 14:25:12";1291.01
530;1;4;1;1;"2022-10-14 14:25:12";39.0
531;2;7;1;1;"2022-10-14 14:25:12";2.0
532;3;9;1;1;"2022-10-14 14:25:12";75.0
533;3;10;1;1;"2022-10-14 14:25:12";57.0
534;3;11;1;1;"2022-10-14 14:25:12";78.0
535;1;1;1;1;"2022-10-14 14:25:16";1.5
536;1;3;1;1;"2022-10-14 14:25:16";935.49
537;1;4;1;1;"2022-10-14 14:25:16";36.0
538;2;7;1;1;"2022-10-14 14:25:16";2.0
539;3;9;1;1;"2022-10-14 14:25:16";75.0
540;3;10;1;1;"2022-10-14 14:25:16";57.0
541;3;11;1;1;"2022-10-14 14:25:17";78.0
542;1;1;1;1;"2022-10-14 14:25:20";1.4
543;1;3;1;1;"2022-10-14 14:25:20";956.29
544;1;4;1;1;"2022-10-14 14:25:20";37.0
545;2;7;1;1;"2022-10-14 14:25:21";2.0
546;3;9;1;1;"2022-10-14 14:25:21";75.0
547;3;10;1;1;"2022-10-14 14:25:21";57.0
548;3;11;1;1;"2022-10-14 14:25:21";78.0
549;1;1;1;1;"2022-10-14 14:25:24";1.7
550;1;3;1;1;"2022-10-14 14:25:25";922.65
551;1;4;1;1;"2022-10-14 14:25:25";36.0
552;2;7;1;1;"2022-10-14 14:25:25";2.0
553;3;9;1;1;"2022-10-14 14:25:25";75.0
554;3;10;1;1;"2022-10-14 14:25:25";57.0
555;3;11;1;1;"2022-10-14 14:25:25";78.0
556;1;1;1;1;"2022-10-14 14:25:29";1.4
557;1;3;1;1;"2022-10-14 14:25:29";1732.37
558;1;4;1;1;"2022-10-14 14:25:29";39.0
559;2;7;1;1;"2022-10-14 14:25:30";2.0
560;3;9;1;1;"2022-10-14 14:25:30";75.0
561;3;10;1;1;"2022-10-14 14:25:30";57.0
562;3;11;1;1;"2022-10-14 14:25:30";78.0
563;1;1;1;1;"2022-10-14 14:25:33";1.7
564;1;3;1;1;"2022-10-14 14:25:33";921.23
565;1;4;1;1;"2022-10-14 14:25:34";37.0
566;2;7;1;1;"2022-10-14 14:25:34";2.0
567;3;9;1;1;"2022-10-14 14:25:34";75.0
568;3;10;1;1;"2022-10-14 14:25:34";58.0
569;3;11;1;1;"2022-10-14 14:25:34";78.0
570;1;1;1;1;"2022-10-14 14:25:38";1.7
571;1;3;1;1;"2022-10-14 14:25:38";1491.59
572;1;4;1;1;"2022-10-14 14:25:38";39.0
573;2;7;1;1;"2022-10-14 14:25:38";2.0
574;3;9;1;1;"2022-10-14 14:25:38";75.0
575;3;10;1;1;"2022-10-14 14:25:38";58.0
576;3;11;1;1;"2022-10-14 14:25:38";78.0
577;1;1;1;1;"2022-10-14 14:25:42";2.2
578;1;3;1;1;"2022-10-14 14:25:42";871.58
579;1;4;1;1;"2022-10-14 14:25:42";37.0
580;2;7;1;1;"2022-10-14 14:25:42";2.0
581;3;9;1;1;"2022-10-14 14:25:42";75.0
582;3;10;1;1;"2022-10-14 14:25:42";58.0
583;3;11;1;1;"2022-10-14 14:25:42";78.0
584;1;1;1;1;"2022-10-14 14:25:46";1.6
585;1;3;1;1;"2022-10-14 14:25:46";979.62
586;1;4;1;1;"2022-10-14 14:25:46";37.0
587;2;7;1;1;"2022-10-14 14:25:46";2.0
588;3;9;1;1;"2022-10-14 14:25:46";75.0
589;3;10;1;1;"2022-10-14 14:25:46";58.0
590;3;11;1;1;"2022-10-14 14:25:46";78.0
591;1;1;1;1;"2022-10-14 14:25:50";2.5
592;1;3;1;1;"2022-10-14 14:25:50";971.95
593;1;4;1;1;"2022-10-14 14:25:50";36.0
594;2;7;1;1;"2022-10-14 14:25:50";2.0
595;3;9;1;1;"2022-10-14 14:25:50";75.0
596;3;10;1;1;"2022-10-14 14:25:50";58.0
597;3;11;1;1;"2022-10-14 14:25:51";78.0
598;1;1;1;1;"2022-10-14 14:25:54";1.7
599;1;3;1;1;"2022-10-14 14:25:54";960.27
600;1;4;1;1;"2022-10-14 14:25:54";36.0
601;2;7;1;1;"2022-10-14 14:25:54";2.0
602;3;9;1;1;"2022-10-14 14:25:55";75.0
603;3;10;1;1;"2022-10-14 14:25:55";58.0
604;3;11;1;1;"2022-10-14 14:25:55";78.0
605;1;1;1;1;"2022-10-14 14:25:58";1.5
606;1;3;1;1;"2022-10-14 14:25:58";939.63
607;1;4;1;1;"2022-10-14 14:25:59";35.0
608;2;7;1;1;"2022-10-14 14:25:59";2.0
609;3;9;1;1;"2022-10-14 14:25:59";75.0
610;3;10;1;1;"2022-10-14 14:25:59";58.0
611;3;11;1;1;"2022-10-14 14:25:59";78.0
612;1;1;1;1;"2022-10-14 14:26:02";1.9
613;1;3;1;1;"2022-10-14 14:26:02";1796.65
614;1;4;1;1;"2022-10-14 14:26:03";37.0
615;2;7;1;1;"2022-10-14 14:26:03";2.0
616;3;9;1;1;"2022-10-14 14:26:03";75.0
617;3;10;1;1;"2022-10-14 14:26:03";58.0
618;3;11;1;1;"2022-10-14 14:26:04";78.0
619;1;1;1;1;"2022-10-14 14:26:07";6.1
620;1;3;1;1;"2022-10-14 14:26:07";967.51
621;1;4;1;1;"2022-10-14 14:26:07";36.0
622;2;7;1;1;"2022-10-14 14:26:07";2.0
623;3;9;1;1;"2022-10-14 14:26:07";75.0
624;3;10;1;1;"2022-10-14 14:26:08";58.0
625;3;11;1;1;"2022-10-14 14:26:08";78.0
626;1;1;1;1;"2022-10-14 14:26:11";1.4
627;1;3;1;1;"2022-10-14 14:26:11";927.84
628;1;4;1;1;"2022-10-14 14:26:11";37.0
629;2;7;1;1;"2022-10-14 14:26:12";2.0
630;3;9;1;1;"2022-10-14 14:26:12";75.0
631;3;10;1;1;"2022-10-14 14:26:12";58.0
632;3;11;1;1;"2022-10-14 14:26:12";78.0
633;1;1;1;1;"2022-10-14 14:26:16";1.6
634;1;3;1;1;"2022-10-14 14:26:16";906.26
635;1;4;1;1;"2022-10-14 14:26:16";35.0
636;2;7;1;1;"2022-10-14 14:26:16";2.0
637;3;9;1;1;"2022-10-14 14:26:16";75.0
638;3;10;1;1;"2022-10-14 14:26:16";58.0
639;3;11;1;1;"2022-10-14 14:26:17";78.0
640;1;1;1;1;"2022-10-14 14:26:21";1.9
641;1;3;1;1;"2022-10-14 14:26:21";945.88
642;1;4;1;1;"2022-10-14 14:26:21";36.0
643;2;7;1;1;"2022-10-14 14:26:21";2.0
644;3;9;1;1;"2022-10-14 14:26:21";75.0
645;3;10;1;1;"2022-10-14 14:26:22";58.0
646;3;11;1;1;"2022-10-14 14:26:22";78.0
647;1;1;1;1;"2022-10-14 14:26:25";2.1
648;1;3;1;1;"2022-10-14 14:26:26";841.86
649;1;4;1;1;"2022-10-14 14:26:26";36.0
650;2;7;1;1;"2022-10-14 14:26:26";2.0
651;3;9;1;1;"2022-10-14 14:26:26";75.0
652;3;10;1;1;"2022-10-14 14:26:26";58.0
653;3;11;1;1;"2022-10-14 14:26:26";78.0
654;1;1;1;1;"2022-10-14 14:26:30";1.7
655;1;3;1;1;"2022-10-14 14:26:30";917.78
656;1;4;1;1;"2022-10-14 14:26:30";37.0
657;2;7;1;1;"2022-10-14 14:26:30";2.0
658;3;9;1;1;"2022-10-14 14:26:30";75.0
659;3;10;1;1;"2022-10-14 14:26:31";58.0
660;3;11;1;1;"2022-10-14 14:26:31";78.0
661;1;1;1;1;"2022-10-14 14:26:34";1.8
662;1;3;1;1;"2022-10-14 14:26:34";918.73
663;1;4;1;1;"2022-10-14 14:26:34";36.0
664;2;7;1;1;"2022-10-14 14:26:34";2.0
665;3;9;1;1;"2022-10-14 14:26:35";75.0
666;3;10;1;1;"2022-10-14 14:26:35";58.0
667;3;11;1;1;"2022-10-14 14:26:35";78.0
668;1;1;1;1;"2022-10-14 14:26:38";1.4
669;1;3;1;1;"2022-10-14 14:26:39";914.32
670;1;4;1;1;"2022-10-14 14:26:39";35.0
671;2;7;1;1;"2022-10-14 14:26:39";2.0
672;3;9;1;1;"2022-10-14 14:26:39";75.0
673;3;10;1;1;"2022-10-14 14:26:39";59.0
674;3;11;1;1;"2022-10-14 14:26:39";78.0
675;1;1;1;1;"2022-10-14 14:26:43";2.0
676;1;3;1;1;"2022-10-14 14:26:43";851.82
677;1;4;1;1;"2022-10-14 14:26:43";35.0
678;2;7;1;1;"2022-10-14 14:26:43";2.0
679;3;9;1;1;"2022-10-14 14:26:43";75.0
680;3;10;1;1;"2022-10-14 14:26:43";59.0
681;3;11;1;1;"2022-10-14 14:26:43";78.0
682;1;1;1;1;"2022-10-14 14:26:47";1.8
683;1;3;1;1;"2022-10-14 14:26:47";940.15
684;1;4;1;1;"2022-10-14 14:26:47";36.0
685;2;7;1;1;"2022-10-14 14:26:47";2.0
686;3;9;1;1;"2022-10-14 14:26:47";75.0
687;3;10;1;1;"2022-10-14 14:26:47";59.0
688;3;11;1;1;"2022-10-14 14:26:47";78.0
689;1;1;1;1;"2022-10-14 14:26:51";1.8
690;1;3;1;1;"2022-10-14 14:26:51";1569.81
691;1;4;1;1;"2022-10-14 14:26:51";36.0
692;2;7;1;1;"2022-10-14 14:26:51";2.0
693;3;9;1;1;"2022-10-14 14:26:51";75.0
694;3;10;1;1;"2022-10-14 14:26:52";59.0
695;3;11;1;1;"2022-10-14 14:26:52";78.0
696;1;1;1;1;"2022-10-14 14:26:55";1.8
697;1;3;1;1;"2022-10-14 14:26:55";956.55
698;1;4;1;1;"2022-10-14 14:26:55";35.0
699;2;7;1;1;"2022-10-14 14:26:55";2.0
700;3;9;1;1;"2022-10-14 14:26:56";75.0
701;3;10;1;1;"2022-10-14 14:26:56";59.0
702;3;11;1;1;"2022-10-14 14:26:56";78.0
703;1;1;1;1;"2022-10-14 14:26:59";1.7
704;1;3;1;1;"2022-10-14 14:27:00";849.64
705;1;4;1;1;"2022-10-14 14:27:00";36.0
706;2;7;1;1;"2022-10-14 14:27:00";2.0
707;3;9;1;1;"2022-10-14 14:27:00";75.0
708;3;10;1;1;"2022-10-14 14:27:00";59.0
709;3;11;1;1;"2022-10-14 14:27:00";78.0
710;1;1;1;1;"2022-10-14 14:27:04";1.6
711;1;3;1;1;"2022-10-14 14:27:04";884.17
712;1;4;1;1;"2022-10-14 14:27:04";36.0
713;2;7;1;1;"2022-10-14 14:27:04";2.0
714;3;9;1;1;"2022-10-14 14:27:04";75.0
715;3;10;1;1;"2022-10-14 14:27:04";59.0
716;3;11;1;1;"2022-10-14 14:27:04";78.0
717;1;1;1;1;"2022-10-14 14:27:08";1.4
718;1;3;1;1;"2022-10-14 14:27:08";965.34
719;1;4;1;1;"2022-10-14 14:27:08";36.0
720;2;7;1;1;"2022-10-14 14:27:08";2.0
721;3;9;1;1;"2022-10-14 14:27:08";75.0
722;3;10;1;1;"2022-10-14 14:27:08";59.0
723;3;11;1;1;"2022-10-14 14:27:09";78.0
724;1;1;1;1;"2022-10-14 14:27:12";1.9
725;1;3;1;1;"2022-10-14 14:27:12";926.19
726;1;4;1;1;"2022-10-14 14:27:12";36.0
727;2;7;1;1;"2022-10-14 14:27:12";2.0
728;3;9;1;1;"2022-10-14 14:27:12";75.0
729;3;10;1;1;"2022-10-14 14:27:12";59.0
730;3;11;1;1;"2022-10-14 14:27:12";78.0
731;1;1;1;1;"2022-10-14 14:27:16";2.1
732;1;3;1;1;"2022-10-14 14:27:16";922.94
733;1;4;1;1;"2022-10-14 14:27:16";36.0
734;2;7;1;1;"2022-10-14 14:27:16";2.0
735;3;9;1;1;"2022-10-14 14:27:16";75.0
736;3;10;1;1;"2022-10-14 14:27:16";59.0
737;3;11;1;1;"2022-10-14 14:27:16";78.0
738;1;1;1;1;"2022-10-14 14:27:20";1.5
739;1;3;1;1;"2022-10-14 14:27:20";1072.25
740;1;4;1;1;"2022-10-14 14:27:20";38.0
741;2;7;1;1;"2022-10-14 14:27:20";2.0
742;3;9;1;1;"2022-10-14 14:27:20";75.0
743;3;10;1;1;"2022-10-14 14:27:20";59.0
744;3;11;1;1;"2022-10-14 14:27:21";78.0
745;1;1;1;1;"2022-10-14 14:27:24";2.3
746;1;3;1;1;"2022-10-14 14:27:24";906.54
747;1;4;1;1;"2022-10-14 14:27:24";36.0
748;2;7;1;1;"2022-10-14 14:27:24";2.0
749;3;9;1;1;"2022-10-14 14:27:24";75.0
750;3;10;1;1;"2022-10-14 14:27:25";59.0
751;3;11;1;1;"2022-10-14 14:27:25";78.0
752;1;1;1;1;"2022-10-14 14:27:28";1.3
753;1;3;1;1;"2022-10-14 14:27:28";950.52
754;1;4;1;1;"2022-10-14 14:27:28";35.0
755;2;7;1;1;"2022-10-14 14:27:29";2.0
756;3;9;1;1;"2022-10-14 14:27:29";75.0
757;3;10;1;1;"2022-10-14 14:27:29";59.0
758;3;11;1;1;"2022-10-14 14:27:29";78.0
759;1;1;1;1;"2022-10-14 14:27:32";1.6
760;1;3;1;1;"2022-10-14 14:27:33";834.56
761;1;4;1;1;"2022-10-14 14:27:33";35.0
762;2;7;1;1;"2022-10-14 14:27:33";2.0
763;3;9;1;1;"2022-10-14 14:27:33";75.0
764;3;10;1;1;"2022-10-14 14:27:34";59.0
765;3;11;1;1;"2022-10-14 14:27:34";78.0
766;1;1;1;1;"2022-10-14 14:27:37";2.1
767;1;3;1;1;"2022-10-14 14:27:38";1506.23
768;1;4;1;1;"2022-10-14 14:27:38";37.0
769;2;7;1;1;"2022-10-14 14:27:38";2.0
770;3;9;1;1;"2022-10-14 14:27:38";75.0
771;3;10;1;1;"2022-10-14 14:27:38";59.0
772;3;11;1;1;"2022-10-14 14:27:38";78.0
773;1;1;1;1;"2022-10-14 14:27:42";1.8
774;1;3;1;1;"2022-10-14 14:27:42";1612.52
775;1;4;1;1;"2022-10-14 14:27:42";36.0
776;2;7;1;1;"2022-10-14 14:27:42";2.0
777;3;9;1;1;"2022-10-14 14:27:42";75.0
778;3;10;1;1;"2022-10-14 14:27:42";59.0
779;3;11;1;1;"2022-10-14 14:27:42";78.0
780;1;1;1;1;"2022-10-14 14:27:46";1.8
781;1;3;1;1;"2022-10-14 14:27:46";839.33
782;1;4;1;1;"2022-10-14 14:27:46";35.0
783;2;7;1;1;"2022-10-14 14:27:46";2.0
784;3;9;1;1;"2022-10-14 14:27:46";75.0
785;3;10;1;1;"2022-10-14 14:27:46";60.0
786;3;11;1;1;"2022-10-14 14:27:46";78.0
787;1;1;1;1;"2022-10-14 14:27:50";2.0
788;1;3;1;1;"2022-10-14 14:27:50";904.72
789;1;4;1;1;"2022-10-14 14:27:50";35.0
790;2;7;1;1;"2022-10-14 14:27:50";2.0
791;3;9;1;1;"2022-10-14 14:27:50";75.0
792;3;10;1;1;"2022-10-14 14:27:50";60.0
793;3;11;1;1;"2022-10-14 14:27:50";78.0
794;1;1;1;1;"2022-10-14 14:27:54";1.6
795;1;3;1;1;"2022-10-14 14:27:54";890.88
796;1;4;1;1;"2022-10-14 14:27:54";35.0
797;2;7;1;1;"2022-10-14 14:27:54";2.0
798;3;9;1;1;"2022-10-14 14:27:54";75.0
799;3;10;1;1;"2022-10-14 14:27:54";60.0
800;3;11;1;1;"2022-10-14 14:27:54";78.0
801;1;1;1;1;"2022-10-14 14:27:58";1.5
802;1;3;1;1;"2022-10-14 14:27:58";884.88
803;1;4;1;1;"2022-10-14 14:27:58";35.0
804;2;7;1;1;"2022-10-14 14:27:58";2.0
805;3;9;1;1;"2022-10-14 14:27:58";75.0
806;3;10;1;1;"2022-10-14 14:27:58";60.0
807;3;11;1;1;"2022-10-14 14:27:59";78.0
808;1;1;1;1;"2022-10-14 14:28:02";1.7
809;1;3;1;1;"2022-10-14 14:28:02";909.63
810;1;4;1;1;"2022-10-14 14:28:02";35.0
811;2;7;1;1;"2022-10-14 14:28:02";2.0
812;3;9;1;1;"2022-10-14 14:28:02";75.0
813;3;10;1;1;"2022-10-14 14:28:02";60.0
814;3;11;1;1;"2022-10-14 14:28:03";78.0
815;1;1;1;1;"2022-10-14 14:28:06";1.7
816;1;3;1;1;"2022-10-14 14:28:06";969.35
817;1;4;1;1;"2022-10-14 14:28:07";35.0
818;2;7;1;1;"2022-10-14 14:28:07";2.0
819;3;9;1;1;"2022-10-14 14:28:07";75.0
820;3;10;1;1;"2022-10-14 14:28:07";60.0
821;3;11;1;1;"2022-10-14 14:28:07";78.0
822;1;1;1;1;"2022-10-14 14:28:10";2.0
823;1;3;1;1;"2022-10-14 14:28:11";923.46
824;1;4;1;1;"2022-10-14 14:28:11";35.0
825;2;7;1;1;"2022-10-14 14:28:11";2.0
826;3;9;1;1;"2022-10-14 14:28:11";75.0
827;3;10;1;1;"2022-10-14 14:28:11";60.0
828;3;11;1;1;"2022-10-14 14:28:12";78.0
829;1;1;1;1;"2022-10-14 14:28:15";1.8
830;1;3;1;1;"2022-10-14 14:28:15";947.88
831;1;4;1;1;"2022-10-14 14:28:15";35.0
832;2;7;1;1;"2022-10-14 14:28:15";2.0
833;3;9;1;1;"2022-10-14 14:28:15";75.0
834;3;10;1;1;"2022-10-14 14:28:15";60.0
835;3;11;1;1;"2022-10-14 14:28:16";78.0
836;1;1;1;1;"2022-10-14 14:28:19";1.6
837;1;3;1;1;"2022-10-14 14:28:19";891.22
838;1;4;1;1;"2022-10-14 14:28:20";35.0
839;2;7;1;1;"2022-10-14 14:28:20";2.0
840;3;9;1;1;"2022-10-14 14:28:20";75.0
841;3;10;1;1;"2022-10-14 14:28:20";60.0
842;3;11;1;1;"2022-10-14 14:28:20";78.0
843;1;1;1;1;"2022-10-14 14:28:23";2.1
844;1;3;1;1;"2022-10-14 14:28:24";951.92
845;1;4;1;1;"2022-10-14 14:28:24";35.0
846;2;7;1;1;"2022-10-14 14:28:24";2.0
847;3;9;1;1;"2022-10-14 14:28:24";75.0
848;3;10;1;1;"2022-10-14 14:28:24";60.0
849;3;11;1;1;"2022-10-14 14:28:25";78.0
850;1;1;1;1;"2022-10-14 14:28:28";1.7
851;1;3;1;1;"2022-10-14 14:28:28";944.66
852;1;4;1;1;"2022-10-14 14:28:28";36.0
853;2;7;1;1;"2022-10-14 14:28:28";2.0
854;3;9;1;1;"2022-10-14 14:28:28";75.0
855;3;10;1;1;"2022-10-14 14:28:28";60.0
856;3;11;1;1;"2022-10-14 14:28:29";78.0
857;1;1;1;1;"2022-10-14 14:28:32";1.8
858;1;3;1;1;"2022-10-14 14:28:32";903.2
859;1;4;1;1;"2022-10-14 14:28:32";36.0
860;2;7;1;1;"2022-10-14 14:28:33";2.0
861;3;9;1;1;"2022-10-14 14:28:33";75.0
862;3;10;1;1;"2022-10-14 14:28:33";60.0
863;3;11;1;1;"2022-10-14 14:28:33";78.0
864;1;1;1;1;"2022-10-14 14:28:36";1.7
865;1;3;1;1;"2022-10-14 14:28:37";910.82
866;1;4;1;1;"2022-10-14 14:28:37";35.0
867;2;7;1;1;"2022-10-14 14:28:37";2.0
868;3;9;1;1;"2022-10-14 14:28:37";75.0
869;3;10;1;1;"2022-10-14 14:28:38";60.0
870;3;11;1;1;"2022-10-14 14:28:38";78.0
871;1;1;1;1;"2022-10-14 14:28:41";2.0
872;1;3;1;1;"2022-10-14 14:28:41";890.06
873;1;4;1;1;"2022-10-14 14:28:41";35.0
874;2;7;1;1;"2022-10-14 14:28:41";2.0
875;3;9;1;1;"2022-10-14 14:28:41";75.0
876;3;10;1;1;"2022-10-14 14:28:42";60.0
877;3;11;1;1;"2022-10-14 14:28:42";78.0
878;1;1;1;1;"2022-10-14 14:28:45";1.9
879;1;3;1;1;"2022-10-14 14:28:46";1831.35
880;1;4;1;1;"2022-10-14 14:28:46";37.0
881;2;7;1;1;"2022-10-14 14:28:46";2.0
882;3;9;1;1;"2022-10-14 14:28:46";75.0
883;3;10;1;1;"2022-10-14 14:28:46";60.0
884;3;11;1;1;"2022-10-14 14:28:47";78.0
885;1;1;1;1;"2022-10-14 14:28:50";1.9
886;1;3;1;1;"2022-10-14 14:28:50";900.39
887;1;4;1;1;"2022-10-14 14:28:50";35.0
888;2;7;1;1;"2022-10-14 14:28:50";2.0
889;3;9;1;1;"2022-10-14 14:28:50";75.0
890;3;10;1;1;"2022-10-14 14:28:51";61.0
891;3;11;1;1;"2022-10-14 14:28:51";78.0
892;1;1;1;1;"2022-10-14 14:28:54";1.6
893;1;3;1;1;"2022-10-14 14:28:54";2061.85
894;1;4;1;1;"2022-10-14 14:28:54";37.0
895;2;7;1;1;"2022-10-14 14:28:55";2.0
896;3;9;1;1;"2022-10-14 14:28:55";75.0
897;3;10;1;1;"2022-10-14 14:28:55";61.0
898;3;11;1;1;"2022-10-14 14:28:55";78.0
899;1;1;1;1;"2022-10-14 14:28:58";1.7
900;1;3;1;1;"2022-10-14 14:28:59";909.74
901;1;4;1;1;"2022-10-14 14:28:59";35.0
902;2;7;1;1;"2022-10-14 14:28:59";2.0
903;3;9;1;1;"2022-10-14 14:28:59";75.0
904;3;10;1;1;"2022-10-14 14:28:59";61.0
905;3;11;1;1;"2022-10-14 14:29:00";78.0
906;1;1;1;1;"2022-10-14 14:29:03";1.7
907;1;3;1;1;"2022-10-14 14:29:03";927.51
908;1;4;1;1;"2022-10-14 14:29:03";35.0
909;2;7;1;1;"2022-10-14 14:29:03";2.0
910;3;9;1;1;"2022-10-14 14:29:03";75.0
911;3;10;1;1;"2022-10-14 14:29:04";61.0
912;3;11;1;1;"2022-10-14 14:29:04";78.0
913;1;1;1;1;"2022-10-14 14:29:07";1.8
914;1;3;1;1;"2022-10-14 14:29:07";962.18
915;1;4;1;1;"2022-10-14 14:29:08";35.0
916;2;7;1;1;"2022-10-14 14:29:08";2.0
917;3;9;1;1;"2022-10-14 14:29:08";75.0
918;3;10;1;1;"2022-10-14 14:29:08";61.0
919;3;11;1;1;"2022-10-14 14:29:08";78.0
920;1;1;1;1;"2022-10-14 14:29:12";1.6
921;1;3;1;1;"2022-10-14 14:29:12";926.84
922;1;4;1;1;"2022-10-14 14:29:12";35.0
923;2;7;1;1;"2022-10-14 14:29:12";2.0
924;3;9;1;1;"2022-10-14 14:29:12";75.0
925;3;10;1;1;"2022-10-14 14:29:12";61.0
926;3;11;1;1;"2022-10-14 14:29:12";78.0
927;1;1;1;1;"2022-10-14 14:29:16";1.5
928;1;3;1;1;"2022-10-14 14:29:16";894.87
929;1;4;1;1;"2022-10-14 14:29:16";35.0
930;2;7;1;1;"2022-10-14 14:29:16";2.0
931;3;9;1;1;"2022-10-14 14:29:16";75.0
932;3;10;1;1;"2022-10-14 14:29:16";61.0
933;3;11;1;1;"2022-10-14 14:29:16";78.0
934;1;1;1;1;"2022-10-14 14:29:20";1.6
935;1;3;1;1;"2022-10-14 14:29:20";938.2
936;1;4;1;1;"2022-10-14 14:29:20";35.0
937;2;7;1;1;"2022-10-14 14:29:20";2.0
938;3;9;1;1;"2022-10-14 14:29:20";75.0
939;3;10;1;1;"2022-10-14 14:29:20";61.0
940;3;11;1;1;"2022-10-14 14:29:21";78.0
941;1;1;1;1;"2022-10-14 14:29:24";2.1
942;1;3;1;1;"2022-10-14 14:29:24";955.2
943;1;4;1;1;"2022-10-14 14:29:24";35.0
944;2;7;1;1;"2022-10-14 14:29:24";2.0
945;3;9;1;1;"2022-10-14 14:29:24";75.0
946;3;10;1;1;"2022-10-14 14:29:24";61.0
947;3;11;1;1;"2022-10-14 14:29:25";78.0
948;1;1;1;1;"2022-10-14 14:29:28";1.7
949;1;3;1;1;"2022-10-14 14:29:28";930.88
950;1;4;1;1;"2022-10-14 14:29:28";35.0
951;2;7;1;1;"2022-10-14 14:29:28";2.0
952;3;9;1;1;"2022-10-14 14:29:28";75.0
953;3;10;1;1;"2022-10-14 14:29:28";61.0
954;3;11;1;1;"2022-10-14 14:29:29";78.0
955;1;1;1;1;"2022-10-14 14:29:32";1.4
956;1;3;1;1;"2022-10-14 14:29:32";851.96
957;1;4;1;1;"2022-10-14 14:29:32";35.0
958;2;7;1;1;"2022-10-14 14:29:32";2.0
959;3;9;1;1;"2022-10-14 14:29:32";75.0
960;3;10;1;1;"2022-10-14 14:29:33";61.0
961;3;11;1;1;"2022-10-14 14:29:33";78.0
962;1;1;1;1;"2022-10-14 14:29:36";1.6
963;1;3;1;1;"2022-10-14 14:29:36";957.97
964;1;4;1;1;"2022-10-14 14:29:36";35.0
965;2;7;1;1;"2022-10-14 14:29:36";2.0
966;3;9;1;1;"2022-10-14 14:29:37";75.0
967;3;10;1;1;"2022-10-14 14:29:37";61.0
968;3;11;1;1;"2022-10-14 14:29:37";78.0
969;1;1;1;1;"2022-10-14 14:29:40";1.3
970;1;3;1;1;"2022-10-14 14:29:40";1988.7
971;1;4;1;1;"2022-10-14 14:29:41";37.0
972;2;7;1;1;"2022-10-14 14:29:41";2.0
973;3;9;1;1;"2022-10-14 14:29:41";75.0
974;3;10;1;1;"2022-10-14 14:29:41";61.0
975;3;11;1;1;"2022-10-14 14:29:41";78.0
976;1;1;1;1;"2022-10-14 14:29:44";1.5
977;1;3;1;1;"2022-10-14 14:29:45";1865.43
978;1;4;1;1;"2022-10-14 14:29:45";37.0
979;2;7;1;1;"2022-10-14 14:29:45";2.0
980;3;9;1;1;"2022-10-14 14:29:45";75.0
981;3;10;1;1;"2022-10-14 14:29:45";61.0
982;3;11;1;1;"2022-10-14 14:29:46";78.0
983;1;1;1;1;"2022-10-14 14:29:49";1.7
984;1;3;1;1;"2022-10-14 14:29:49";891.05
985;1;4;1;1;"2022-10-14 14:29:49";35.0
986;2;7;1;1;"2022-10-14 14:29:49";2.0
987;3;9;1;1;"2022-10-14 14:29:50";75.0
988;3;10;1;1;"2022-10-14 14:29:50";61.0
989;3;11;1;1;"2022-10-14 14:29:50";78.0
990;1;1;1;1;"2022-10-14 14:29:53";1.6
991;1;3;1;1;"2022-10-14 14:29:53";885.59
992;1;4;1;1;"2022-10-14 14:29:53";35.0
993;2;7;1;1;"2022-10-14 14:29:53";2.0
994;3;9;1;1;"2022-10-14 14:29:54";75.0
995;3;10;1;1;"2022-10-14 14:29:54";61.0
996;3;11;1;1;"2022-10-14 14:29:54";78.0
997;1;1;1;1;"2022-10-14 14:29:57";1.6
998;1;3;1;1;"2022-10-14 14:29:58";878.73
999;1;4;1;1;"2022-10-14 14:29:58";34.0
1000;2;7;1;1;"2022-10-14 14:29:58";2.0
1001;3;9;1;1;"2022-10-14 14:29:58";75.0
1002;3;10;1;1;"2022-10-14 14:29:58";62.0
1003;3;11;1;1;"2022-10-14 14:29:58";78.0
1004;1;1;1;1;"2022-10-14 14:30:02";2.1
1005;1;3;1;1;"2022-10-14 14:30:02";803.42
1006;1;4;1;1;"2022-10-14 14:30:02";35.0
1007;2;7;1;1;"2022-10-14 14:30:02";2.0
1008;3;9;1;1;"2022-10-14 14:30:02";75.0
1009;3;10;1;1;"2022-10-14 14:30:02";62.0
1010;3;11;1;1;"2022-10-14 14:30:02";78.0
1011;1;1;1;1;"2022-10-14 14:30:06";1.7
1012;1;3;1;1;"2022-10-14 14:30:06";903.22
1013;1;4;1;1;"2022-10-14 14:30:06";35.0
1014;2;7;1;1;"2022-10-14 14:30:06";2.0
1015;3;9;1;1;"2022-10-14 14:30:06";75.0
1016;3;10;1;1;"2022-10-14 14:30:06";62.0
1017;3;11;1;1;"2022-10-14 14:30:06";78.0
1018;1;1;1;1;"2022-10-14 14:30:10";1.5
1019;1;3;1;1;"2022-10-14 14:30:10";874.75
1020;1;4;1;1;"2022-10-14 14:30:10";35.0
1021;2;7;1;1;"2022-10-14 14:30:10";2.0
1022;3;9;1;1;"2022-10-14 14:30:10";75.0
1023;3;10;1;1;"2022-10-14 14:30:10";62.0
1024;3;11;1;1;"2022-10-14 14:30:10";78.0
1025;1;1;1;1;"2022-10-14 14:30:14";1.8
1026;1;3;1;1;"2022-10-14 14:30:14";894.09
1027;1;4;1;1;"2022-10-14 14:30:14";34.0
1028;2;7;1;1;"2022-10-14 14:30:14";2.0
1029;3;9;1;1;"2022-10-14 14:30:14";75.0
1030;3;10;1;1;"2022-10-14 14:30:14";62.0
1031;3;11;1;1;"2022-10-14 14:30:15";78.0
1032;1;1;1;1;"2022-10-14 14:30:18";2.0
1033;1;3;1;1;"2022-10-14 14:30:18";948.84
1034;1;4;1;1;"2022-10-14 14:30:18";35.0
1035;2;7;1;1;"2022-10-14 14:30:18";2.0
1036;3;9;1;1;"2022-10-14 14:30:18";75.0
1037;3;10;1;1;"2022-10-14 14:30:18";62.0
1038;3;11;1;1;"2022-10-14 14:30:18";78.0
1039;1;1;1;1;"2022-10-14 14:30:22";1.6
1040;1;3;1;1;"2022-10-14 14:30:22";1277.41
1041;1;4;1;1;"2022-10-14 14:30:22";36.0
1042;2;7;1;1;"2022-10-14 14:30:22";2.0
1043;3;9;1;1;"2022-10-14 14:30:22";75.0
1044;3;10;1;1;"2022-10-14 14:30:22";62.0
1045;3;11;1;1;"2022-10-14 14:30:22";78.0
1046;1;1;1;1;"2022-10-14 14:30:26";1.6
1047;1;3;1;1;"2022-10-14 14:30:26";901.89
1048;1;4;1;1;"2022-10-14 14:30:26";34.0
1049;2;7;1;1;"2022-10-14 14:30:26";2.0
1050;3;9;1;1;"2022-10-14 14:30:26";75.0
1051;3;10;1;1;"2022-10-14 14:30:26";62.0
1052;3;11;1;1;"2022-10-14 14:30:27";78.0
1053;1;1;1;1;"2022-10-14 14:30:30";1.8
1054;1;3;1;1;"2022-10-14 14:30:30";963.38
1055;1;4;1;1;"2022-10-14 14:30:30";35.0
1056;2;7;1;1;"2022-10-14 14:30:30";2.0
1057;3;9;1;1;"2022-10-14 14:30:31";75.0
1058;3;10;1;1;"2022-10-14 14:30:31";62.0
1059;3;11;1;1;"2022-10-14 14:30:31";78.0
1060;1;1;1;1;"2022-10-14 14:30:34";1.5
1061;1;3;1;1;"2022-10-14 14:30:34";868.55
1062;1;4;1;1;"2022-10-14 14:30:34";35.0
1063;2;7;1;1;"2022-10-14 14:30:35";2.0
1064;3;9;1;1;"2022-10-14 14:30:35";75.0
1065;3;10;1;1;"2022-10-14 14:30:35";62.0
1066;3;11;1;1;"2022-10-14 14:30:35";78.0
1067;1;1;1;1;"2022-10-14 14:30:38";1.9
1068;1;3;1;1;"2022-10-14 14:30:38";1728.42
1069;1;4;1;1;"2022-10-14 14:30:39";38.0
1070;2;7;1;1;"2022-10-14 14:30:39";2.0
1071;3;9;1;1;"2022-10-14 14:30:39";75.0
1072;3;10;1;1;"2022-10-14 14:30:39";62.0
1073;3;11;1;1;"2022-10-14 14:30:39";78.0
1074;1;1;1;1;"2022-10-14 14:30:43";1.7
1075;1;3;1;1;"2022-10-14 14:30:43";2174.43
1076;1;4;1;1;"2022-10-14 14:30:43";37.0
1077;2;7;1;1;"2022-10-14 14:30:43";2.0
1078;3;9;1;1;"2022-10-14 14:30:43";75.0
1079;3;10;1;1;"2022-10-14 14:30:44";62.0
1080;3;11;1;1;"2022-10-14 14:30:44";78.0
1081;1;1;1;1;"2022-10-14 14:30:47";1.8
1082;1;3;1;1;"2022-10-14 14:30:47";1465.13
1083;1;4;1;1;"2022-10-14 14:30:47";35.0
1084;2;7;1;1;"2022-10-14 14:30:48";2.0
1085;3;9;1;1;"2022-10-14 14:30:48";75.0
1086;3;10;1;1;"2022-10-14 14:30:48";62.0
1087;3;11;1;1;"2022-10-14 14:30:48";78.0
1088;1;1;1;1;"2022-10-14 14:30:51";1.5
1089;1;3;1;1;"2022-10-14 14:30:52";877.64
1090;1;4;1;1;"2022-10-14 14:30:52";35.0
1091;2;7;1;1;"2022-10-14 14:30:52";2.0
1092;3;9;1;1;"2022-10-14 14:30:52";75.0
1093;3;10;1;1;"2022-10-14 14:30:52";62.0
1094;3;11;1;1;"2022-10-14 14:30:53";78.0
1095;1;1;1;1;"2022-10-14 14:30:56";1.3
1096;1;3;1;1;"2022-10-14 14:30:56";946.29
1097;1;4;1;1;"2022-10-14 14:30:56";34.0
1098;2;7;1;1;"2022-10-14 14:30:56";2.0
1099;3;9;1;1;"2022-10-14 14:30:56";75.0
1100;3;10;1;1;"2022-10-14 14:30:57";62.0
1101;3;11;1;1;"2022-10-14 14:30:57";78.0
1102;1;1;1;1;"2022-10-14 14:31:00";1.8
1103;1;3;1;1;"2022-10-14 14:31:00";924.9
1104;1;4;1;1;"2022-10-14 14:31:00";35.0
1105;2;7;1;1;"2022-10-14 14:31:00";2.0
1106;3;9;1;1;"2022-10-14 14:31:01";75.0
1107;3;10;1;1;"2022-10-14 14:31:01";63.0
1108;3;11;1;1;"2022-10-14 14:31:01";78.0
1109;1;1;1;1;"2022-10-14 14:31:04";1.6
1110;1;3;1;1;"2022-10-14 14:31:05";888.5
1111;1;4;1;1;"2022-10-14 14:31:05";34.0
1112;2;7;1;1;"2022-10-14 14:31:05";2.0
1113;3;9;1;1;"2022-10-14 14:31:05";75.0
1114;3;10;1;1;"2022-10-14 14:31:05";63.0
1115;3;11;1;1;"2022-10-14 14:31:06";78.0
1116;1;1;1;1;"2022-10-14 14:31:09";1.6
1117;1;3;1;1;"2022-10-14 14:31:09";983.05
1118;1;4;1;1;"2022-10-14 14:31:09";34.0
1119;2;7;1;1;"2022-10-14 14:31:09";2.0
1120;3;9;1;1;"2022-10-14 14:31:09";75.0
1121;3;10;1;1;"2022-10-14 14:31:10";63.0
1122;3;11;1;1;"2022-10-14 14:31:10";78.0
1123;1;1;1;1;"2022-10-14 14:31:13";1.6
1124;1;3;1;1;"2022-10-14 14:31:13";1519.74
1125;1;4;1;1;"2022-10-14 14:31:13";36.0
1126;2;7;1;1;"2022-10-14 14:31:14";2.0
1127;3;9;1;1;"2022-10-14 14:31:14";75.0
1128;3;10;1;1;"2022-10-14 14:31:14";63.0
1129;3;11;1;1;"2022-10-14 14:31:14";78.0
1130;1;1;1;1;"2022-10-14 14:31:17";1.8
1131;1;3;1;1;"2022-10-14 14:31:18";870.95
1132;1;4;1;1;"2022-10-14 14:31:18";35.0
1133;2;7;1;1;"2022-10-14 14:31:18";2.0
1134;3;9;1;1;"2022-10-14 14:31:18";75.0
1135;3;10;1;1;"2022-10-14 14:31:18";63.0
1136;3;11;1;1;"2022-10-14 14:31:19";78.0
1137;1;1;1;1;"2022-10-14 14:31:22";1.6
1138;1;3;1;1;"2022-10-14 14:31:22";938.28
1139;1;4;1;1;"2022-10-14 14:31:22";35.0
1140;2;7;1;1;"2022-10-14 14:31:22";2.0
1141;3;9;1;1;"2022-10-14 14:31:22";75.0
1142;3;10;1;1;"2022-10-14 14:31:22";63.0
1143;3;11;1;1;"2022-10-14 14:31:23";78.0
1144;1;1;1;1;"2022-10-14 14:31:26";1.6
1145;1;3;1;1;"2022-10-14 14:31:26";1886.58
1146;1;4;1;1;"2022-10-14 14:31:26";37.0
1147;2;7;1;1;"2022-10-14 14:31:27";2.0
1148;3;9;1;1;"2022-10-14 14:31:27";75.0
1149;3;10;1;1;"2022-10-14 14:31:27";63.0
1150;3;11;1;1;"2022-10-14 14:31:27";78.0
1151;1;1;1;1;"2022-10-14 14:31:30";1.6
1152;1;3;1;1;"2022-10-14 14:31:31";1487.65
1153;1;4;1;1;"2022-10-14 14:31:31";37.0
1154;2;7;1;1;"2022-10-14 14:31:31";2.0
1155;3;9;1;1;"2022-10-14 14:31:31";75.0
1156;3;10;1;1;"2022-10-14 14:31:31";63.0
1157;3;11;1;1;"2022-10-14 14:31:32";78.0
1158;1;1;1;1;"2022-10-14 14:31:35";1.9
1159;1;3;1;1;"2022-10-14 14:31:35";943.8
1160;1;4;1;1;"2022-10-14 14:31:35";34.0
1161;2;7;1;1;"2022-10-14 14:31:35";2.0
1162;3;9;1;1;"2022-10-14 14:31:35";75.0
1163;3;10;1;1;"2022-10-14 14:31:35";63.0
1164;3;11;1;1;"2022-10-14 14:31:36";78.0
1165;1;1;1;1;"2022-10-14 14:31:39";1.9
1166;1;3;1;1;"2022-10-14 14:31:39";1235.93
1167;1;4;1;1;"2022-10-14 14:31:39";37.0
1168;2;7;1;1;"2022-10-14 14:31:39";2.0
1169;3;9;1;1;"2022-10-14 14:31:39";75.0
1170;3;10;1;1;"2022-10-14 14:31:40";63.0
1171;3;11;1;1;"2022-10-14 14:31:40";78.0
1172;1;1;1;1;"2022-10-14 14:31:43";1.7
1173;1;3;1;1;"2022-10-14 14:31:43";886.1
1174;1;4;1;1;"2022-10-14 14:31:44";34.0
1175;2;7;1;1;"2022-10-14 14:31:44";2.0
1176;3;9;1;1;"2022-10-14 14:31:44";75.0
1177;3;10;1;1;"2022-10-14 14:31:44";63.0
1178;3;11;1;1;"2022-10-14 14:31:44";78.0
1179;1;1;1;1;"2022-10-14 14:31:48";1.2
1180;1;3;1;1;"2022-10-14 14:31:48";920.43
1181;1;4;1;1;"2022-10-14 14:31:48";35.0
1182;2;7;1;1;"2022-10-14 14:31:48";2.0
1183;3;9;1;1;"2022-10-14 14:31:48";75.0
1184;3;10;1;1;"2022-10-14 14:31:48";63.0
1185;3;11;1;1;"2022-10-14 14:31:48";78.0
1186;1;1;1;1;"2022-10-14 14:31:52";1.8
1187;1;3;1;1;"2022-10-14 14:31:52";849.6
1188;1;4;1;1;"2022-10-14 14:31:52";34.0
1189;2;7;1;1;"2022-10-14 14:31:52";2.0
1190;3;9;1;1;"2022-10-14 14:31:52";75.0
1191;3;10;1;1;"2022-10-14 14:31:52";63.0
1192;3;11;1;1;"2022-10-14 14:31:53";78.0
1193;1;1;1;1;"2022-10-14 14:31:56";1.5
1194;1;3;1;1;"2022-10-14 14:31:56";859.94
1195;1;4;1;1;"2022-10-14 14:31:56";34.0
1196;2;7;1;1;"2022-10-14 14:31:56";2.0
1197;3;9;1;1;"2022-10-14 14:31:57";75.0
1198;3;10;1;1;"2022-10-14 14:31:57";63.0
1199;3;11;1;1;"2022-10-14 14:31:57";78.0
1200;1;1;1;1;"2022-10-14 14:32:00";1.8
1201;1;3;1;1;"2022-10-14 14:32:00";859.73
1202;1;4;1;1;"2022-10-14 14:32:01";35.0
1203;2;7;1;1;"2022-10-14 14:32:01";2.0
1204;3;9;1;1;"2022-10-14 14:32:01";75.0
1205;3;10;1;1;"2022-10-14 14:32:01";63.0
1206;3;11;1;1;"2022-10-14 14:32:01";78.0
1207;1;1;1;1;"2022-10-14 14:32:05";1.8
1208;1;3;1;1;"2022-10-14 14:32:05";984.02
1209;1;4;1;1;"2022-10-14 14:32:05";34.0
1210;2;7;1;1;"2022-10-14 14:32:05";2.0
1211;3;9;1;1;"2022-10-14 14:32:05";75.0
1212;3;10;1;1;"2022-10-14 14:32:06";64.0
1213;3;11;1;1;"2022-10-14 14:32:06";78.0
1214;1;1;1;1;"2022-10-14 14:32:09";1.6
1215;1;3;1;1;"2022-10-14 14:32:09";968.38
1216;1;4;1;1;"2022-10-14 14:32:09";35.0
1217;2;7;1;1;"2022-10-14 14:32:09";2.0
1218;3;9;1;1;"2022-10-14 14:32:10";75.0
1219;3;10;1;1;"2022-10-14 14:32:10";64.0
1220;3;11;1;1;"2022-10-14 14:32:10";78.0
1221;1;1;1;1;"2022-10-14 14:32:14";1.7
1222;1;3;1;1;"2022-10-14 14:32:14";943.12
1223;1;4;1;1;"2022-10-14 14:32:14";35.0
1224;2;7;1;1;"2022-10-14 14:32:14";2.0
1225;3;9;1;1;"2022-10-14 14:32:14";75.0
1226;3;10;1;1;"2022-10-14 14:32:15";64.0
1227;3;11;1;1;"2022-10-14 14:32:15";78.0
1228;1;1;1;1;"2022-10-14 14:32:18";2.1
1229;1;3;1;1;"2022-10-14 14:32:18";922.4
1230;1;4;1;1;"2022-10-14 14:32:18";35.0
1231;2;7;1;1;"2022-10-14 14:32:18";2.0
1232;3;9;1;1;"2022-10-14 14:32:19";75.0
1233;3;10;1;1;"2022-10-14 14:32:19";64.0
1234;3;11;1;1;"2022-10-14 14:32:19";78.0
1235;1;1;1;1;"2022-10-14 14:32:22";1.8
1236;1;3;1;1;"2022-10-14 14:32:23";902.92
1237;1;4;1;1;"2022-10-14 14:32:23";35.0
1238;2;7;1;1;"2022-10-14 14:32:23";2.0
1239;3;9;1;1;"2022-10-14 14:32:23";75.0
1240;3;10;1;1;"2022-10-14 14:32:23";64.0
1241;3;11;1;1;"2022-10-14 14:32:23";78.0
1242;1;1;1;1;"2022-10-14 14:32:27";1.9
1243;1;3;1;1;"2022-10-14 14:32:27";854.65
1244;1;4;1;1;"2022-10-14 14:32:27";34.0
1245;2;7;1;1;"2022-10-14 14:32:27";2.0
1246;3;9;1;1;"2022-10-14 14:32:27";75.0
1247;3;10;1;1;"2022-10-14 14:32:27";64.0
1248;3;11;1;1;"2022-10-14 14:32:27";78.0
1249;1;1;1;1;"2022-10-14 14:32:31";1.6
1250;1;3;1;1;"2022-10-14 14:32:31";891.97
1251;1;4;1;1;"2022-10-14 14:32:31";35.0
1252;2;7;1;1;"2022-10-14 14:32:31";2.0
1253;3;9;1;1;"2022-10-14 14:32:31";75.0
1254;3;10;1;1;"2022-10-14 14:32:32";64.0
1255;3;11;1;1;"2022-10-14 14:32:32";78.0
1256;1;1;1;1;"2022-10-14 14:32:35";1.2
1257;1;3;1;1;"2022-10-14 14:32:35";1630.36
1258;1;4;1;1;"2022-10-14 14:32:36";37.0
1259;2;7;1;1;"2022-10-14 14:32:36";2.0
1260;3;9;1;1;"2022-10-14 14:32:36";75.0
1261;3;10;1;1;"2022-10-14 14:32:36";64.0
1262;3;11;1;1;"2022-10-14 14:32:36";78.0
1263;1;1;1;1;"2022-10-14 14:32:40";1.6
1264;1;3;1;1;"2022-10-14 14:32:40";854.41
1265;1;4;1;1;"2022-10-14 14:32:40";35.0
1266;2;7;1;1;"2022-10-14 14:32:40";2.0
1267;3;9;1;1;"2022-10-14 14:32:40";75.0
1268;3;10;1;1;"2022-10-14 14:32:40";64.0
1269;3;11;1;1;"2022-10-14 14:32:40";78.0
1270;1;1;1;1;"2022-10-14 14:32:44";2.0
1271;1;3;1;1;"2022-10-14 14:32:44";954.9
1272;1;4;1;1;"2022-10-14 14:32:44";35.0
1273;2;7;1;1;"2022-10-14 14:32:44";2.0
1274;3;9;1;1;"2022-10-14 14:32:44";75.0
1275;3;10;1;1;"2022-10-14 14:32:44";64.0
1276;3;11;1;1;"2022-10-14 14:32:44";78.0
1277;1;1;1;1;"2022-10-14 14:32:48";1.7
1278;1;3;1;1;"2022-10-14 14:32:48";936.84
1279;1;4;1;1;"2022-10-14 14:32:48";35.0
1280;2;7;1;1;"2022-10-14 14:32:48";2.0
1281;3;9;1;1;"2022-10-14 14:32:48";75.0
1282;3;10;1;1;"2022-10-14 14:32:48";64.0
1283;3;11;1;1;"2022-10-14 14:32:48";78.0
1284;1;1;1;1;"2022-10-14 14:32:52";1.8
1285;1;3;1;1;"2022-10-14 14:32:52";838.31
1286;1;4;1;1;"2022-10-14 14:32:52";35.0
1287;2;7;1;1;"2022-10-14 14:32:52";2.0
1288;3;9;1;1;"2022-10-14 14:32:52";75.0
1289;3;10;1;1;"2022-10-14 14:32:52";64.0
1290;3;11;1;1;"2022-10-14 14:32:53";78.0
1291;1;1;1;1;"2022-10-14 14:32:56";14.8
1292;1;3;1;1;"2022-10-14 14:32:56";700.06
1293;1;4;1;1;"2022-10-14 14:32:56";34.0
1294;2;7;1;1;"2022-10-14 14:32:56";2.0
1295;3;9;1;1;"2022-10-14 14:32:57";75.0
1296;3;10;1;1;"2022-10-14 14:32:57";64.0
1297;3;11;1;1;"2022-10-14 14:32:57";78.0
1298;1;1;1;1;"2022-10-14 14:33:01";3.0
1299;1;3;1;1;"2022-10-14 14:33:01";831.5
1300;1;4;1;1;"2022-10-14 14:33:01";34.0
1301;2;7;1;1;"2022-10-14 14:33:01";2.0
1302;3;9;1;1;"2022-10-14 14:33:01";75.0
1303;3;10;1;1;"2022-10-14 14:33:02";64.0
1304;3;11;1;1;"2022-10-14 14:33:02";78.0
1305;1;1;1;1;"2022-10-14 14:33:05";2.2
1306;1;3;1;1;"2022-10-14 14:33:05";886.62
1307;1;4;1;1;"2022-10-14 14:33:05";34.0
1308;2;7;1;1;"2022-10-14 14:33:06";2.0
1309;3;9;1;1;"2022-10-14 14:33:06";75.0
1310;3;10;1;1;"2022-10-14 14:33:06";65.0
1311;3;11;1;1;"2022-10-14 14:33:06";78.0
1312;1;1;1;1;"2022-10-14 14:33:09";1.4
1313;1;3;1;1;"2022-10-14 14:33:09";862.23
1314;1;4;1;1;"2022-10-14 14:33:10";36.0
1315;2;7;1;1;"2022-10-14 14:33:10";2.0
1316;3;9;1;1;"2022-10-14 14:33:10";75.0
1317;3;10;1;1;"2022-10-14 14:33:10";65.0
1318;3;11;1;1;"2022-10-14 14:33:10";78.0
1319;1;1;1;1;"2022-10-14 14:33:14";1.9
1320;1;3;1;1;"2022-10-14 14:33:14";899.91
1321;1;4;1;1;"2022-10-14 14:33:14";34.0
1322;2;7;1;1;"2022-10-14 14:33:14";2.0
1323;3;9;1;1;"2022-10-14 14:33:14";75.0
1324;3;10;1;1;"2022-10-14 14:33:14";65.0
1325;3;11;1;1;"2022-10-14 14:33:15";78.0
1326;1;1;1;1;"2022-10-14 14:33:18";1.9
1327;1;3;1;1;"2022-10-14 14:33:18";919.37
1328;1;4;1;1;"2022-10-14 14:33:18";35.0
1329;2;7;1;1;"2022-10-14 14:33:18";2.0
1330;3;9;1;1;"2022-10-14 14:33:18";75.0
1331;3;10;1;1;"2022-10-14 14:33:19";65.0
1332;3;11;1;1;"2022-10-14 14:33:19";78.0
1333;1;1;1;1;"2022-10-14 14:33:22";1.6
1334;1;3;1;1;"2022-10-14 14:33:22";852.67
1335;1;4;1;1;"2022-10-14 14:33:23";35.0
1336;2;7;1;1;"2022-10-14 14:33:23";2.0
1337;3;9;1;1;"2022-10-14 14:33:23";75.0
1338;3;10;1;1;"2022-10-14 14:33:23";65.0
1339;3;11;1;1;"2022-10-14 14:33:23";78.0
1340;1;1;1;1;"2022-10-14 14:33:27";1.9
1341;1;3;1;1;"2022-10-14 14:33:27";1233.01
1342;1;4;1;1;"2022-10-14 14:33:27";37.0
1343;2;7;1;1;"2022-10-14 14:33:27";2.0
1344;3;9;1;1;"2022-10-14 14:33:27";75.0
1345;3;10;1;1;"2022-10-14 14:33:28";65.0
1346;3;11;1;1;"2022-10-14 14:33:28";78.0
1347;1;1;1;1;"2022-10-14 14:33:31";1.5
1348;1;3;1;1;"2022-10-14 14:33:31";880.58
1349;1;4;1;1;"2022-10-14 14:33:31";35.0
1350;2;7;1;1;"2022-10-14 14:33:31";2.0
1351;3;9;1;1;"2022-10-14 14:33:31";75.0
1352;3;10;1;1;"2022-10-14 14:33:32";65.0
1353;3;11;1;1;"2022-10-14 14:33:32";78.0
1354;1;1;1;1;"2022-10-14 14:33:35";1.6
1355;1;3;1;1;"2022-10-14 14:33:35";900.07
1356;1;4;1;1;"2022-10-14 14:33:36";35.0
1357;2;7;1;1;"2022-10-14 14:33:36";2.0
1358;3;9;1;1;"2022-10-14 14:33:36";75.0
1359;3;10;1;1;"2022-10-14 14:33:36";65.0
1360;3;11;1;1;"2022-10-14 14:33:37";78.0
1361;1;1;1;1;"2022-10-14 14:33:40";1.5
1362;1;3;1;1;"2022-10-14 14:33:40";1544.46
1363;1;4;1;1;"2022-10-14 14:33:40";37.0
1364;2;7;1;1;"2022-10-14 14:33:40";2.0
1365;3;9;1;1;"2022-10-14 14:33:40";75.0
1366;3;10;1;1;"2022-10-14 14:33:41";65.0
1367;3;11;1;1;"2022-10-14 14:33:41";78.0
1368;1;1;1;1;"2022-10-14 14:33:44";2.0
1369;1;3;1;1;"2022-10-14 14:33:44";960.26
1370;1;4;1;1;"2022-10-14 14:33:44";34.0
1371;2;7;1;1;"2022-10-14 14:33:44";2.0
1372;3;9;1;1;"2022-10-14 14:33:45";75.0
1373;3;10;1;1;"2022-10-14 14:33:45";65.0
1374;3;11;1;1;"2022-10-14 14:33:45";78.0
1375;1;1;1;1;"2022-10-14 14:33:49";1.9
1376;1;3;1;1;"2022-10-14 14:33:49";919.36
1377;1;4;1;1;"2022-10-14 14:33:49";34.0
1378;2;7;1;1;"2022-10-14 14:33:49";2.0
1379;3;9;1;1;"2022-10-14 14:33:49";75.0
1380;3;10;1;1;"2022-10-14 14:33:49";65.0
1381;3;11;1;1;"2022-10-14 14:33:50";78.0
1382;1;1;1;1;"2022-10-14 14:33:53";2.0
1383;1;3;1;1;"2022-10-14 14:33:53";957.62
1384;1;4;1;1;"2022-10-14 14:33:53";34.0
1385;2;7;1;1;"2022-10-14 14:33:53";2.0
1386;3;9;1;1;"2022-10-14 14:33:53";75.0
1387;3;10;1;1;"2022-10-14 14:33:53";65.0
1388;3;11;1;1;"2022-10-14 14:33:54";78.0
1389;1;1;1;1;"2022-10-14 14:33:57";1.4
1390;1;3;1;1;"2022-10-14 14:33:57";951.22
1391;1;4;1;1;"2022-10-14 14:33:57";35.0
1392;2;7;1;1;"2022-10-14 14:33:57";2.0
1393;3;9;1;1;"2022-10-14 14:33:58";75.0
1394;3;10;1;1;"2022-10-14 14:33:58";65.0
1395;3;11;1;1;"2022-10-14 14:33:58";78.0
1396;1;1;1;1;"2022-10-14 14:34:01";1.9
1397;1;3;1;1;"2022-10-14 14:34:01";922.74
1398;1;4;1;1;"2022-10-14 14:34:01";35.0
1399;2;7;1;1;"2022-10-14 14:34:02";2.0
1400;3;9;1;1;"2022-10-14 14:34:02";75.0
1401;3;10;1;1;"2022-10-14 14:34:02";65.0
1402;3;11;1;1;"2022-10-14 14:34:02";78.0
1403;1;1;1;1;"2022-10-14 14:34:06";1.5
1404;1;3;1;1;"2022-10-14 14:34:06";945.24
1405;1;4;1;1;"2022-10-14 14:34:06";34.0
1406;2;7;1;1;"2022-10-14 14:34:06";2.0
1407;3;9;1;1;"2022-10-14 14:34:06";75.0
1408;3;10;1;1;"2022-10-14 14:34:06";65.0
1409;3;11;1;1;"2022-10-14 14:34:07";78.0
1410;1;1;1;1;"2022-10-14 14:34:10";1.4
1411;1;3;1;1;"2022-10-14 14:34:10";891.48
1412;1;4;1;1;"2022-10-14 14:34:10";34.0
1413;2;7;1;1;"2022-10-14 14:34:10";2.0
1414;3;9;1;1;"2022-10-14 14:34:10";75.0
1415;3;10;1;1;"2022-10-14 14:34:11";66.0
1416;3;11;1;1;"2022-10-14 14:34:11";78.0
1417;1;1;1;1;"2022-10-14 14:34:14";1.5
1418;1;3;1;1;"2022-10-14 14:34:14";912.9
1419;1;4;1;1;"2022-10-14 14:34:14";35.0
1420;2;7;1;1;"2022-10-14 14:34:15";2.0
1421;3;9;1;1;"2022-10-14 14:34:15";75.0
1422;3;10;1;1;"2022-10-14 14:34:15";66.0
1423;3;11;1;1;"2022-10-14 14:34:15";78.0
1424;1;1;1;1;"2022-10-14 14:34:18";1.8
1425;1;3;1;1;"2022-10-14 14:34:19";949.64
1426;1;4;1;1;"2022-10-14 14:34:19";34.0
1427;2;7;1;1;"2022-10-14 14:34:19";2.0
1428;3;9;1;1;"2022-10-14 14:34:19";75.0
1429;3;10;1;1;"2022-10-14 14:34:19";66.0
1430;3;11;1;1;"2022-10-14 14:34:20";78.0
1431;1;1;1;1;"2022-10-14 14:34:23";2.9
1432;1;3;1;1;"2022-10-14 14:34:23";1232.8
1433;1;4;1;1;"2022-10-14 14:34:23";37.0
1434;2;7;1;1;"2022-10-14 14:34:23";2.0
1435;3;9;1;1;"2022-10-14 14:34:23";75.0
1436;3;10;1;1;"2022-10-14 14:34:23";66.0
1437;3;11;1;1;"2022-10-14 14:34:24";78.0
1438;1;1;1;1;"2022-10-14 14:34:27";2.5
1439;1;3;1;1;"2022-10-14 14:34:27";861.01
1440;1;4;1;1;"2022-10-14 14:34:27";34.0
1441;2;7;1;1;"2022-10-14 14:34:27";2.0
1442;3;9;1;1;"2022-10-14 14:34:27";75.0
1443;3;10;1;1;"2022-10-14 14:34:28";66.0
1444;3;11;1;1;"2022-10-14 14:34:28";78.0
1445;1;1;1;1;"2022-10-14 14:34:31";2.1
1446;1;3;1;1;"2022-10-14 14:34:31";898.45
1447;1;4;1;1;"2022-10-14 14:34:31";34.0
1448;2;7;1;1;"2022-10-14 14:34:31";2.0
1449;3;9;1;1;"2022-10-14 14:34:31";75.0
1450;3;10;1;1;"2022-10-14 14:34:32";66.0
1451;3;11;1;1;"2022-10-14 14:34:32";78.0
1452;1;1;1;1;"2022-10-14 14:34:35";1.7
1453;1;3;1;1;"2022-10-14 14:34:35";936.69
1454;1;4;1;1;"2022-10-14 14:34:36";35.0
1455;2;7;1;1;"2022-10-14 14:34:36";2.0
1456;3;9;1;1;"2022-10-14 14:34:36";75.0
1457;3;10;1;1;"2022-10-14 14:34:36";66.0
1458;3;11;1;1;"2022-10-14 14:34:36";78.0
1459;1;1;1;1;"2022-10-14 14:34:40";4.0
1460;1;3;1;1;"2022-10-14 14:34:40";956.23
1461;1;4;1;1;"2022-10-14 14:34:40";34.0
1462;2;7;1;1;"2022-10-14 14:34:40";2.0
1463;3;9;1;1;"2022-10-14 14:34:40";75.0
1464;3;10;1;1;"2022-10-14 14:34:40";66.0
1465;3;11;1;1;"2022-10-14 14:34:41";78.0
1466;1;1;1;1;"2022-10-14 14:34:44";4.4
1467;1;3;1;1;"2022-10-14 14:34:44";1238.05
1468;1;4;1;1;"2022-10-14 14:34:44";37.0
1469;2;7;1;1;"2022-10-14 14:34:44";2.0
1470;3;9;1;1;"2022-10-14 14:34:45";75.0
1471;3;10;1;1;"2022-10-14 14:34:45";66.0
1472;3;11;1;1;"2022-10-14 14:34:45";78.0
1473;1;1;1;1;"2022-10-14 14:34:48";8.3
1474;1;3;1;1;"2022-10-14 14:34:48";1071.32
1475;1;4;1;1;"2022-10-14 14:34:49";37.0
1476;2;7;1;1;"2022-10-14 14:34:49";2.0
1477;3;9;1;1;"2022-10-14 14:34:49";75.0
1478;3;10;1;1;"2022-10-14 14:34:49";66.0
1479;3;11;1;1;"2022-10-14 14:34:49";78.0
1480;1;1;1;1;"2022-10-14 14:34:53";1.6
1481;1;3;1;1;"2022-10-14 14:34:53";915.72
1482;1;4;1;1;"2022-10-14 14:34:53";35.0
1483;2;7;1;1;"2022-10-14 14:34:53";2.0
1484;3;9;1;1;"2022-10-14 14:34:53";75.0
1485;3;10;1;1;"2022-10-14 14:34:53";66.0
1486;3;11;1;1;"2022-10-14 14:34:54";78.0
1487;1;1;1;1;"2022-10-14 14:34:57";1.3
1488;1;3;1;1;"2022-10-14 14:34:57";1792.14
1489;1;4;1;1;"2022-10-14 14:34:57";37.0
1490;2;7;1;1;"2022-10-14 14:34:57";2.0
1491;3;9;1;1;"2022-10-14 14:34:57";75.0
1492;3;10;1;1;"2022-10-14 14:34:58";66.0
1493;3;11;1;1;"2022-10-14 14:34:58";78.0
1494;1;1;1;1;"2022-10-14 14:35:01";1.5
1495;1;3;1;1;"2022-10-14 14:35:01";909.79
1496;1;4;1;1;"2022-10-14 14:35:01";34.0
1497;2;7;1;1;"2022-10-14 14:35:02";2.0
1498;3;9;1;1;"2022-10-14 14:35:02";75.0
1499;3;10;1;1;"2022-10-14 14:35:02";66.0
1500;3;11;1;1;"2022-10-14 14:35:02";78.0
1501;1;1;1;1;"2022-10-14 14:35:05";2.2
1502;1;3;1;1;"2022-10-14 14:35:06";941.31
1503;1;4;1;1;"2022-10-14 14:35:06";35.0
1504;2;7;1;1;"2022-10-14 14:35:06";2.0
1505;3;9;1;1;"2022-10-14 14:35:06";75.0
1506;3;10;1;1;"2022-10-14 14:35:06";66.0
1507;3;11;1;1;"2022-10-14 14:35:07";78.0
1508;1;1;1;1;"2022-10-14 14:35:10";8.3
1509;1;3;1;1;"2022-10-14 14:35:10";777.0
1510;1;4;1;1;"2022-10-14 14:35:10";36.0
1511;2;7;1;1;"2022-10-14 14:35:10";2.0
1512;3;9;1;1;"2022-10-14 14:35:10";75.0
1513;3;10;1;1;"2022-10-14 14:35:10";67.0
1514;3;11;1;1;"2022-10-14 14:35:11";78.0
1515;1;1;1;1;"2022-10-14 14:35:14";16.9
1516;1;3;1;1;"2022-10-14 14:35:14";890.85
1517;1;4;1;1;"2022-10-14 14:35:14";36.0
1518;2;7;1;1;"2022-10-14 14:35:14";2.0
1519;3;9;1;1;"2022-10-14 14:35:14";75.0
1520;3;10;1;1;"2022-10-14 14:35:15";67.0
1521;3;11;1;1;"2022-10-14 14:35:15";78.0
1522;1;1;1;1;"2022-10-14 14:35:18";17.5
1523;1;3;1;1;"2022-10-14 14:35:18";2300.0
1524;1;4;1;1;"2022-10-14 14:35:18";42.0
1525;2;7;1;1;"2022-10-14 14:35:19";2.0
1526;3;9;1;1;"2022-10-14 14:35:19";75.0
1527;3;10;1;1;"2022-10-14 14:35:19";67.0
1528;3;11;1;1;"2022-10-14 14:35:19";78.0
1529;1;1;1;1;"2022-10-14 14:35:22";7.4
1530;1;3;1;1;"2022-10-14 14:35:22";912.84
1531;1;4;1;1;"2022-10-14 14:35:23";35.0
1532;2;7;1;1;"2022-10-14 14:35:23";2.0
1533;3;9;1;1;"2022-10-14 14:35:23";75.0
1534;3;10;1;1;"2022-10-14 14:35:23";67.0
1535;3;11;1;1;"2022-10-14 14:35:23";78.0
1536;1;1;1;1;"2022-10-14 14:35:26";3.1
1537;1;3;1;1;"2022-10-14 14:35:27";2297.96
1538;1;4;1;1;"2022-10-14 14:35:27";41.0
1539;2;7;1;1;"2022-10-14 14:35:27";2.0
1540;3;9;1;1;"2022-10-14 14:35:27";75.0
1541;3;10;1;1;"2022-10-14 14:35:27";67.0
1542;3;11;1;1;"2022-10-14 14:35:28";78.0
1543;1;1;1;1;"2022-10-14 14:35:31";2.8
1544;1;3;1;1;"2022-10-14 14:35:31";903.94
1545;1;4;1;1;"2022-10-14 14:35:31";35.0
1546;2;7;1;1;"2022-10-14 14:35:31";2.0
1547;3;9;1;1;"2022-10-14 14:35:31";75.0
1548;3;10;1;1;"2022-10-14 14:35:32";67.0
1549;3;11;1;1;"2022-10-14 14:35:32";78.0
1550;1;1;1;1;"2022-10-14 14:35:35";2.9
1551;1;3;1;1;"2022-10-14 14:35:35";2300.0
1552;1;4;1;1;"2022-10-14 14:35:35";40.0
1553;2;7;1;1;"2022-10-14 14:35:36";2.0
1554;3;9;1;1;"2022-10-14 14:35:36";75.0
1555;3;10;1;1;"2022-10-14 14:35:36";67.0
1556;3;11;1;1;"2022-10-14 14:35:36";78.0
1557;1;1;1;1;"2022-10-14 14:35:40";18.7
1558;1;3;1;1;"2022-10-14 14:35:40";2300.0
1559;1;4;1;1;"2022-10-14 14:35:40";41.0
1560;2;7;1;1;"2022-10-14 14:35:40";2.0
1561;3;9;1;1;"2022-10-14 14:35:40";75.0
1562;3;10;1;1;"2022-10-14 14:35:40";67.0
1563;3;11;1;1;"2022-10-14 14:35:41";78.0
1564;1;1;1;1;"2022-10-14 14:35:44";10.6
1565;1;3;1;1;"2022-10-14 14:35:44";920.08
1566;1;4;1;1;"2022-10-14 14:35:44";35.0
1567;2;7;1;1;"2022-10-14 14:35:44";2.0
1568;3;9;1;1;"2022-10-14 14:35:44";75.0
1569;3;10;1;1;"2022-10-14 14:35:44";67.0
1570;3;11;1;1;"2022-10-14 14:35:45";78.0
1571;1;1;1;1;"2022-10-14 14:35:48";13.2
1572;1;3;1;1;"2022-10-14 14:35:48";1440.5
1573;1;4;1;1;"2022-10-14 14:35:48";37.0
1574;2;7;1;1;"2022-10-14 14:35:48";2.0
1575;3;9;1;1;"2022-10-14 14:35:48";75.0
1576;3;10;1;1;"2022-10-14 14:35:48";67.0
1577;3;11;1;1;"2022-10-14 14:35:49";78.0
1578;1;1;1;1;"2022-10-14 14:35:52";28.7
1579;1;3;1;1;"2022-10-14 14:35:52";835.4
1580;1;4;1;1;"2022-10-14 14:35:52";36.0
1581;2;7;1;1;"2022-10-14 14:35:53";2.0
1582;3;9;1;1;"2022-10-14 14:35:53";75.0
1583;3;10;1;1;"2022-10-14 14:35:53";67.0
1584;3;11;1;1;"2022-10-14 14:35:53";78.0
1585;1;1;1;1;"2022-10-14 14:35:57";15.1
1586;1;3;1;1;"2022-10-14 14:35:57";1341.9
1587;1;4;1;1;"2022-10-14 14:35:57";36.0
1588;2;7;1;1;"2022-10-14 14:35:57";2.0
1589;3;9;1;1;"2022-10-14 14:35:57";75.0
1590;3;10;1;1;"2022-10-14 14:35:57";67.0
1591;3;11;1;1;"2022-10-14 14:35:58";78.0
1592;1;1;1;1;"2022-10-14 14:36:01";5.3
1593;1;3;1;1;"2022-10-14 14:36:01";865.95
1594;1;4;1;1;"2022-10-14 14:36:01";36.0
1595;2;7;1;1;"2022-10-14 14:36:01";2.0
1596;3;9;1;1;"2022-10-14 14:36:02";75.0
1597;3;10;1;1;"2022-10-14 14:36:02";67.0
1598;3;11;1;1;"2022-10-14 14:36:02";78.0
1599;1;1;1;1;"2022-10-14 14:36:06";1.8
1600;1;3;1;1;"2022-10-14 14:36:06";838.18
1601;1;4;1;1;"2022-10-14 14:36:06";36.0
1602;2;7;1;1;"2022-10-14 14:36:06";2.0
1603;3;9;1;1;"2022-10-14 14:36:06";75.0
1604;3;10;1;1;"2022-10-14 14:36:06";67.0
1605;3;11;1;1;"2022-10-14 14:36:07";78.0
1606;1;1;1;1;"2022-10-14 14:36:10";2.3
1607;1;3;1;1;"2022-10-14 14:36:10";876.88
1608;1;4;1;1;"2022-10-14 14:36:10";36.0
1609;2;7;1;1;"2022-10-14 14:36:10";2.0
1610;3;9;1;1;"2022-10-14 14:36:11";75.0
1611;3;10;1;1;"2022-10-14 14:36:11";67.0
1612;3;11;1;1;"2022-10-14 14:36:11";78.0
1613;1;1;1;1;"2022-10-14 14:36:14";7.3
1614;1;3;1;1;"2022-10-14 14:36:14";793.29
1615;1;4;1;1;"2022-10-14 14:36:15";35.0
1616;2;7;1;1;"2022-10-14 14:36:15";2.0
1617;3;9;1;1;"2022-10-14 14:36:15";75.0
1618;3;10;1;1;"2022-10-14 14:36:15";68.0
1619;3;11;1;1;"2022-10-14 14:36:15";78.0
1620;1;1;1;1;"2022-10-14 14:36:19";13.3
1621;1;3;1;1;"2022-10-14 14:36:19";909.31
1622;1;4;1;1;"2022-10-14 14:36:19";37.0
1623;2;7;1;1;"2022-10-14 14:36:19";2.0
1624;3;9;1;1;"2022-10-14 14:36:19";75.0
1625;3;10;1;1;"2022-10-14 14:36:19";68.0
1626;3;11;1;1;"2022-10-14 14:36:20";78.0
1627;1;1;1;1;"2022-10-14 14:36:23";12.5
1628;1;3;1;1;"2022-10-14 14:36:23";1144.79
1629;1;4;1;1;"2022-10-14 14:36:23";37.0
1630;2;7;1;1;"2022-10-14 14:36:23";2.0
1631;3;9;1;1;"2022-10-14 14:36:23";75.0
1632;3;10;1;1;"2022-10-14 14:36:23";68.0
1633;3;11;1;1;"2022-10-14 14:36:24";78.0
1634;1;1;1;1;"2022-10-14 14:36:27";7.7
1635;1;3;1;1;"2022-10-14 14:36:27";862.69
1636;1;4;1;1;"2022-10-14 14:36:27";37.0
1637;2;7;1;1;"2022-10-14 14:36:27";2.0
1638;3;9;1;1;"2022-10-14 14:36:27";75.0
1639;3;10;1;1;"2022-10-14 14:36:27";68.0
1640;3;11;1;1;"2022-10-14 14:36:28";78.0
1641;1;1;1;1;"2022-10-14 14:36:31";6.4
1642;1;3;1;1;"2022-10-14 14:36:31";824.53
1643;1;4;1;1;"2022-10-14 14:36:31";35.0
1644;2;7;1;1;"2022-10-14 14:36:31";2.0
1645;3;9;1;1;"2022-10-14 14:36:31";75.0
1646;3;10;1;1;"2022-10-14 14:36:32";68.0
1647;3;11;1;1;"2022-10-14 14:36:32";78.0
1648;1;1;1;1;"2022-10-14 14:36:35";1.6
1649;1;3;1;1;"2022-10-14 14:36:35";1490.95
1650;1;4;1;1;"2022-10-14 14:36:36";37.0
1651;2;7;1;1;"2022-10-14 14:36:36";2.0
1652;3;9;1;1;"2022-10-14 14:36:36";75.0
1653;3;10;1;1;"2022-10-14 14:36:36";68.0
1654;3;11;1;1;"2022-10-14 14:36:36";78.0
1655;1;1;1;1;"2022-10-14 14:36:40";1.4
1656;1;3;1;1;"2022-10-14 14:36:40";936.02
1657;1;4;1;1;"2022-10-14 14:36:40";35.0
1658;2;7;1;1;"2022-10-14 14:36:40";2.0
1659;3;9;1;1;"2022-10-14 14:36:40";75.0
1660;3;10;1;1;"2022-10-14 14:36:40";68.0
1661;3;11;1;1;"2022-10-14 14:36:41";78.0
1662;1;1;1;1;"2022-10-14 14:36:44";1.9
1663;1;3;1;1;"2022-10-14 14:36:44";1544.66
1664;1;4;1;1;"2022-10-14 14:36:44";39.0
1665;2;7;1;1;"2022-10-14 14:36:44";2.0
1666;3;9;1;1;"2022-10-14 14:36:45";75.0
1667;3;10;1;1;"2022-10-14 14:36:45";68.0
1668;3;11;1;1;"2022-10-14 14:36:45";78.0
1669;1;1;1;1;"2022-10-14 14:36:48";1.7
1670;1;3;1;1;"2022-10-14 14:36:49";965.32
1671;1;4;1;1;"2022-10-14 14:36:49";36.0
1672;2;7;1;1;"2022-10-14 14:36:49";2.0
1673;3;9;1;1;"2022-10-14 14:36:49";75.0
1674;3;10;1;1;"2022-10-14 14:36:49";68.0
1675;3;11;1;1;"2022-10-14 14:36:50";78.0
1676;1;1;1;1;"2022-10-14 14:36:53";1.8
1677;1;3;1;1;"2022-10-14 14:36:53";822.06
1678;1;4;1;1;"2022-10-14 14:36:53";36.0
1679;2;7;1;1;"2022-10-14 14:36:53";2.0
1680;3;9;1;1;"2022-10-14 14:36:53";75.0
1681;3;10;1;1;"2022-10-14 14:36:53";68.0
1682;3;11;1;1;"2022-10-14 14:36:54";78.0
1683;1;1;1;1;"2022-10-14 14:36:57";1.6
1684;1;3;1;1;"2022-10-14 14:36:57";945.84
1685;1;4;1;1;"2022-10-14 14:36:57";37.0
1686;2;7;1;1;"2022-10-14 14:36:57";2.0
1687;3;9;1;1;"2022-10-14 14:36:57";75.0
1688;3;10;1;1;"2022-10-14 14:36:58";68.0
1689;3;11;1;1;"2022-10-14 14:36:58";78.0
1690;1;1;1;1;"2022-10-14 14:37:01";1.8
1691;1;3;1;1;"2022-10-14 14:37:01";919.85
1692;1;4;1;1;"2022-10-14 14:37:02";35.0
1693;2;7;1;1;"2022-10-14 14:37:02";2.0
1694;3;9;1;1;"2022-10-14 14:37:02";75.0
1695;3;10;1;1;"2022-10-14 14:37:02";68.0
1696;3;11;1;1;"2022-10-14 14:37:02";78.0
1697;1;1;1;1;"2022-10-14 14:37:06";1.4
1698;1;3;1;1;"2022-10-14 14:37:06";1651.68
1699;1;4;1;1;"2022-10-14 14:37:06";38.0
1700;2;7;1;1;"2022-10-14 14:37:06";2.0
1701;3;9;1;1;"2022-10-14 14:37:06";75.0
1702;3;10;1;1;"2022-10-14 14:37:06";68.0
1703;3;11;1;1;"2022-10-14 14:37:07";78.0
1704;1;1;1;1;"2022-10-14 14:37:10";1.4
1705;1;3;1;1;"2022-10-14 14:37:10";967.12
1706;1;4;1;1;"2022-10-14 14:37:10";35.0
1707;2;7;1;1;"2022-10-14 14:37:10";2.0
1708;3;9;1;1;"2022-10-14 14:37:10";75.0
1709;3;10;1;1;"2022-10-14 14:37:11";68.0
1710;3;11;1;1;"2022-10-14 14:37:11";78.0
1711;1;1;1;1;"2022-10-14 14:37:14";1.9
1712;1;3;1;1;"2022-10-14 14:37:14";925.13
1713;1;4;1;1;"2022-10-14 14:37:14";36.0
1714;2;7;1;1;"2022-10-14 14:37:14";2.0
1715;3;9;1;1;"2022-10-14 14:37:14";75.0
1716;3;10;1;1;"2022-10-14 14:37:15";69.0
1717;3;11;1;1;"2022-10-14 14:37:15";78.0
1718;1;1;1;1;"2022-10-14 14:37:18";1.8
1719;1;3;1;1;"2022-10-14 14:37:18";925.01
1720;1;4;1;1;"2022-10-14 14:37:18";36.0
1721;2;7;1;1;"2022-10-14 14:37:18";2.0
1722;3;9;1;1;"2022-10-14 14:37:19";75.0
1723;3;10;1;1;"2022-10-14 14:37:19";69.0
1724;3;11;1;1;"2022-10-14 14:37:19";78.0
1725;1;1;1;1;"2022-10-14 14:37:22";1.4
1726;1;3;1;1;"2022-10-14 14:37:22";924.43
1727;1;4;1;1;"2022-10-14 14:37:23";36.0
1728;2;7;1;1;"2022-10-14 14:37:23";2.0
1729;3;9;1;1;"2022-10-14 14:37:23";75.0
1730;3;10;1;1;"2022-10-14 14:37:23";69.0
1731;3;11;1;1;"2022-10-14 14:37:23";78.0
1732;1;1;1;1;"2022-10-14 14:37:26";1.5
1733;1;3;1;1;"2022-10-14 14:37:27";900.78
1734;1;4;1;1;"2022-10-14 14:37:27";35.0
1735;2;7;1;1;"2022-10-14 14:37:27";2.0
1736;3;9;1;1;"2022-10-14 14:37:27";75.0
1737;3;10;1;1;"2022-10-14 14:37:27";69.0
1738;3;11;1;1;"2022-10-14 14:37:28";78.0
1739;1;1;1;1;"2022-10-14 14:37:31";1.7
1740;1;3;1;1;"2022-10-14 14:37:31";933.21
1741;1;4;1;1;"2022-10-14 14:37:31";35.0
1742;2;7;1;1;"2022-10-14 14:37:31";2.0
1743;3;9;1;1;"2022-10-14 14:37:32";75.0
1744;3;10;1;1;"2022-10-14 14:37:32";69.0
1745;3;11;1;1;"2022-10-14 14:37:32";78.0
1746;1;1;1;1;"2022-10-14 14:37:35";3.1
1747;1;3;1;1;"2022-10-14 14:37:35";990.59
1748;1;4;1;1;"2022-10-14 14:37:35";36.0
1749;2;7;1;1;"2022-10-14 14:37:35";2.0
1750;3;9;1;1;"2022-10-14 14:37:36";75.0
1751;3;10;1;1;"2022-10-14 14:37:36";69.0
1752;3;11;1;1;"2022-10-14 14:37:36";78.0
1753;1;1;1;1;"2022-10-14 14:37:39";2.2
1754;1;3;1;1;"2022-10-14 14:37:39";920.35
1755;1;4;1;1;"2022-10-14 14:37:40";36.0
1756;2;7;1;1;"2022-10-14 14:37:40";2.0
1757;3;9;1;1;"2022-10-14 14:37:40";75.0
1758;3;10;1;1;"2022-10-14 14:37:40";69.0
1759;3;11;1;1;"2022-10-14 14:37:40";78.0
1760;1;1;1;1;"2022-10-14 14:37:44";3.4
1761;1;3;1;1;"2022-10-14 14:37:44";945.34
1762;1;4;1;1;"2022-10-14 14:37:44";35.0
1763;2;7;1;1;"2022-10-14 14:37:44";2.0
1764;3;9;1;1;"2022-10-14 14:37:44";75.0
1765;3;10;1;1;"2022-10-14 14:37:44";69.0
1766;3;11;1;1;"2022-10-14 14:37:45";78.0
1767;1;1;1;1;"2022-10-14 14:37:48";6.4
1768;1;3;1;1;"2022-10-14 14:37:48";896.99
1769;1;4;1;1;"2022-10-14 14:37:48";36.0
1770;2;7;1;1;"2022-10-14 14:37:48";2.0
1771;3;9;1;1;"2022-10-14 14:37:49";75.0
1772;3;10;1;1;"2022-10-14 14:37:49";69.0
1773;3;11;1;1;"2022-10-14 14:37:49";78.0
1774;1;1;1;1;"2022-10-14 14:37:52";23.8
1775;1;3;1;1;"2022-10-14 14:37:52";2126.83
1776;1;4;1;1;"2022-10-14 14:37:52";40.0
1777;2;7;1;1;"2022-10-14 14:37:53";2.0
1778;3;9;1;1;"2022-10-14 14:37:53";75.0
1779;3;10;1;1;"2022-10-14 14:37:53";69.0
1780;3;11;1;1;"2022-10-14 14:37:53";78.0
1781;1;1;1;1;"2022-10-14 14:37:57";4.7
1782;1;3;1;1;"2022-10-14 14:37:57";848.43
1783;1;4;1;1;"2022-10-14 14:37:57";35.0
1784;2;7;1;1;"2022-10-14 14:37:57";2.0
1785;3;9;1;1;"2022-10-14 14:37:57";75.0
1786;3;10;1;1;"2022-10-14 14:37:58";69.0
1787;3;11;1;1;"2022-10-14 14:37:58";78.0
1788;1;1;1;1;"2022-10-14 14:38:01";3.2
1789;1;3;1;1;"2022-10-14 14:38:01";1751.95
1790;1;4;1;1;"2022-10-14 14:38:01";38.0
1791;2;7;1;1;"2022-10-14 14:38:01";2.0
1792;3;9;1;1;"2022-10-14 14:38:02";75.0
1793;3;10;1;1;"2022-10-14 14:38:02";69.0
1794;3;11;1;1;"2022-10-14 14:38:02";78.0
1795;1;1;1;1;"2022-10-14 14:38:05";2.0
1796;1;3;1;1;"2022-10-14 14:38:05";906.34
1797;1;4;1;1;"2022-10-14 14:38:06";36.0
1798;2;7;1;1;"2022-10-14 14:38:06";2.0
1799;3;9;1;1;"2022-10-14 14:38:06";75.0
1800;3;10;1;1;"2022-10-14 14:38:06";69.0
1801;3;11;1;1;"2022-10-14 14:38:07";78.0
1802;1;1;1;1;"2022-10-14 14:38:10";10.1
1803;1;3;1;1;"2022-10-14 14:38:10";789.08
1804;1;4;1;1;"2022-10-14 14:38:10";36.0
1805;2;7;1;1;"2022-10-14 14:38:10";2.0
1806;3;9;1;1;"2022-10-14 14:38:11";75.0
1807;3;10;1;1;"2022-10-14 14:38:11";69.0
1808;3;11;1;1;"2022-10-14 14:38:11";78.0
1809;1;1;1;1;"2022-10-14 14:38:14";9.4
1810;1;3;1;1;"2022-10-14 14:38:14";725.01
1811;1;4;1;1;"2022-10-14 14:38:14";35.0
1812;2;7;1;1;"2022-10-14 14:38:14";2.0
1813;3;9;1;1;"2022-10-14 14:38:15";75.0
1814;3;10;1;1;"2022-10-14 14:38:15";70.0
1815;3;11;1;1;"2022-10-14 14:38:16";78.0
1816;1;1;1;1;"2022-10-14 14:38:19";15.6
1817;1;3;1;1;"2022-10-14 14:38:19";2011.73
1818;1;4;1;1;"2022-10-14 14:38:19";39.0
1819;2;7;1;1;"2022-10-14 14:38:19";2.0
1820;3;9;1;1;"2022-10-14 14:38:20";75.0
1821;3;10;1;1;"2022-10-14 14:38:20";70.0
1822;3;11;1;1;"2022-10-14 14:38:20";78.0
1823;1;1;1;1;"2022-10-14 14:38:23";11.3
1824;1;3;1;1;"2022-10-14 14:38:23";780.5
1825;1;4;1;1;"2022-10-14 14:38:23";36.0
1826;2;7;1;1;"2022-10-14 14:38:24";2.0
1827;3;9;1;1;"2022-10-14 14:38:24";75.0
1828;3;10;1;1;"2022-10-14 14:38:24";70.0
1829;3;11;1;1;"2022-10-14 14:38:24";78.0
1830;1;1;1;1;"2022-10-14 14:38:27";9.8
1831;1;3;1;1;"2022-10-14 14:38:28";972.42
1832;1;4;1;1;"2022-10-14 14:38:28";37.0
1833;2;7;1;1;"2022-10-14 14:38:28";2.0
1834;3;9;1;1;"2022-10-14 14:38:28";75.0
1835;3;10;1;1;"2022-10-14 14:38:29";70.0
1836;3;11;1;1;"2022-10-14 14:38:29";78.0
1837;1;1;1;1;"2022-10-14 14:38:32";12.5
1838;1;3;1;1;"2022-10-14 14:38:32";911.5
1839;1;4;1;1;"2022-10-14 14:38:32";36.0
1840;2;7;1;1;"2022-10-14 14:38:32";2.0
1841;3;9;1;1;"2022-10-14 14:38:32";75.0
1842;3;10;1;1;"2022-10-14 14:38:33";70.0
1843;3;11;1;1;"2022-10-14 14:38:33";78.0
